N,PESQ_Mix,PESQ_Disc,PESQ_Gen,ESTOI_Mix,ESTOI_Disc,ESTOI_Gen,SISNR_Mix,SISNR_Disc,SISNR_Gen,SDR_Mix,SDR_Disc,SDR_Gen,DNSMOS_Mix,DNSMOS_Disc,DNSMOS_Gen,SIM_Disc,SIM_Gen,WER_Disc,WER_Gen
1,2.118,3.182,2.542,0.599,0.902,0.83,4.864,11.201,11.061,5.036,11.233,11.084,2.519,3.352,3.583,0.997,0.996,3.392,1.212
2,1.712,2.918,2.529,0.544,0.856,0.808,-0.2,10.572,10.476,-0.018,11.128,11.019,2.519,3.17,3.535,0.994,0.992,5.084,2.903
3,1.846,2.966,2.613,0.582,0.875,0.838,2.187,11.31,11.231,2.372,11.808,11.716,2.768,3.221,3.404,0.995,0.993,2.139,-0.041
4,1.716,2.894,2.611,0.55,0.882,0.844,-0.116,11.526,11.458,0.112,12.324,12.24,2.892,3.214,3.498,0.985,0.983,2.229,-1.514
5,1.694,2.855,2.547,0.525,0.885,0.852,0.031,11.578,11.509,0.277,12.273,12.188,2.801,3.18,3.541,0.986,0.984,1.033,-2.397
6,1.694,2.934,2.644,0.532,0.893,0.864,-0.137,11.959,11.893,0.127,12.674,12.593,2.74,3.147,3.455,0.987,0.984,0.236,-2.986
7,1.694,2.957,2.657,0.533,0.893,0.865,-0.255,11.935,11.871,-0.0,12.551,12.472,2.828,3.155,3.439,0.986,0.983,-0.334,-1.82
8,1.69,2.9,2.64,0.534,0.883,0.856,-0.126,11.376,11.319,0.12,12.455,12.382,2.894,3.163,3.434,0.986,0.984,-0.067,-1.639
9,1.682,2.985,2.736,0.534,0.89,0.862,-0.055,11.96,11.903,0.187,12.979,12.905,2.92,3.168,3.406,0.985,0.984,-0.476,-2.116
10,1.649,3.003,2.77,0.531,0.894,0.866,-0.107,12.146,12.088,0.149,13.377,13.302,2.94,3.175,3.416,0.986,0.984,-0.804,-1.588
11,1.638,3.009,2.786,0.529,0.895,0.87,-0.577,12.34,12.286,-0.315,13.455,13.385,2.929,3.165,3.425,0.985,0.984,-0.245,-0.33
12,1.657,3.025,2.76,0.542,0.896,0.865,-0.076,12.446,12.371,0.183,13.467,13.376,2.919,3.135,3.408,0.984,0.983,-0.537,0.485
13,1.656,3.058,2.795,0.537,0.899,0.867,-0.181,12.888,12.808,0.074,13.873,13.777,2.92,3.143,3.416,0.983,0.98,-0.784,0.953
14,1.662,3.091,2.788,0.538,0.902,0.87,-0.095,12.935,12.842,0.157,14.01,13.889,2.922,3.155,3.435,0.984,0.981,-0.996,2.502
15,1.663,3.084,2.793,0.533,0.898,0.865,-0.209,12.787,12.698,0.042,13.775,13.659,2.94,3.17,3.449,0.984,0.981,-1.18,3.421
16,1.666,3.03,2.743,0.535,0.891,0.86,-0.092,12.469,12.383,0.152,13.397,13.286,2.957,3.162,3.441,0.984,0.981,0.326,6.587
17,1.667,3.059,2.769,0.542,0.895,0.865,0.115,12.79,12.706,0.359,13.695,13.586,2.91,3.169,3.462,0.983,0.982,0.086,5.851
18,1.648,3.102,2.786,0.534,0.895,0.866,-0.122,12.956,12.869,0.154,13.894,13.78,2.869,3.152,3.451,0.982,0.981,-0.127,5.752
19,1.664,3.108,2.798,0.537,0.898,0.869,-0.056,12.883,12.801,0.213,13.797,13.688,2.893,3.168,3.457,0.982,0.981,-0.318,5.137
20,1.649,3.067,2.773,0.536,0.893,0.866,-0.114,12.711,12.633,0.151,13.812,13.709,2.914,3.155,3.438,0.981,0.981,-0.489,4.583
21,1.645,3.061,2.758,0.527,0.892,0.863,-0.135,12.772,12.696,0.129,13.846,13.744,2.928,3.16,3.458,0.982,0.982,-0.645,4.083
22,1.636,3.063,2.759,0.531,0.894,0.865,-0.105,12.838,12.764,0.161,13.92,13.821,2.94,3.155,3.46,0.982,0.981,0.123,4.537
23,1.632,3.056,2.748,0.529,0.893,0.863,-0.156,12.743,12.672,0.107,13.78,13.685,2.948,3.163,3.46,0.982,0.981,-0.045,4.081
24,1.629,3.011,2.72,0.529,0.893,0.864,-0.123,12.542,12.474,0.137,13.636,13.544,2.956,3.161,3.452,0.982,0.981,0.179,4.043
25,1.646,3.016,2.711,0.535,0.893,0.863,0.026,12.618,12.55,0.286,13.696,13.604,2.964,3.178,3.461,0.983,0.981,0.022,3.644
26,1.646,3.011,2.711,0.533,0.889,0.858,-0.112,12.52,12.454,0.18,13.688,13.598,2.97,3.174,3.469,0.983,0.981,0.646,4.045
27,1.648,3.004,2.711,0.535,0.888,0.858,-0.041,12.485,12.42,0.246,13.614,13.525,2.957,3.168,3.468,0.983,0.981,0.483,3.676
28,1.648,3.008,2.717,0.532,0.884,0.853,-0.114,12.444,12.377,0.17,13.603,13.512,2.944,3.162,3.453,0.983,0.982,0.332,3.333
29,1.656,3.023,2.722,0.535,0.885,0.853,-0.104,12.531,12.458,0.181,13.659,13.562,2.957,3.162,3.453,0.983,0.982,0.957,3.779
30,1.656,3.02,2.723,0.533,0.885,0.853,-0.115,12.614,12.542,0.175,13.753,13.659,2.969,3.168,3.468,0.983,0.982,1.277,3.932
31,1.67,3.041,2.741,0.539,0.888,0.855,-0.005,12.772,12.701,0.281,13.878,13.784,2.935,3.16,3.464,0.984,0.982,1.115,3.614
32,1.664,3.043,2.74,0.536,0.887,0.855,-0.11,12.691,12.622,0.174,13.948,13.856,2.904,3.156,3.478,0.983,0.982,1.409,3.762
33,1.663,3.055,2.744,0.533,0.887,0.855,-0.272,12.777,12.707,0.013,14.003,13.909,2.897,3.16,3.485,0.983,0.982,1.253,3.468
34,1.662,3.057,2.735,0.537,0.888,0.855,-0.101,12.804,12.732,0.182,14.061,13.963,2.89,3.163,3.488,0.984,0.982,1.105,3.192
35,1.665,3.051,2.733,0.535,0.887,0.854,-0.142,12.831,12.761,0.144,14.058,13.962,2.885,3.168,3.476,0.984,0.982,1.171,3.135
36,1.664,3.053,2.73,0.536,0.887,0.854,-0.102,12.832,12.763,0.183,14.122,14.027,2.88,3.157,3.456,0.984,0.982,1.034,2.883
37,1.674,3.054,2.733,0.539,0.886,0.853,-0.002,12.823,12.755,0.282,14.081,13.988,2.877,3.16,3.456,0.984,0.982,1.098,2.838
38,1.676,3.047,2.727,0.537,0.88,0.849,-0.096,12.646,12.579,0.188,13.929,13.837,2.874,3.152,3.455,0.984,0.982,0.97,2.607
39,1.689,3.053,2.733,0.541,0.88,0.849,0.07,12.676,12.61,0.351,13.932,13.84,2.868,3.158,3.448,0.984,0.983,0.849,2.572
40,1.684,3.055,2.726,0.54,0.88,0.848,-0.098,12.754,12.676,0.182,13.984,13.878,2.862,3.158,3.453,0.984,0.982,0.734,2.672
41,1.687,3.064,2.732,0.542,0.881,0.848,0.002,12.806,12.727,0.28,14.008,13.903,2.857,3.163,3.458,0.984,0.982,0.625,2.636
42,1.679,3.056,2.723,0.543,0.88,0.845,-0.098,12.84,12.758,0.185,14.014,13.906,2.851,3.157,3.453,0.984,0.982,0.737,2.973
43,1.701,3.057,2.717,0.549,0.881,0.846,0.028,12.85,12.769,0.309,14.005,13.896,2.846,3.152,3.447,0.984,0.982,0.633,2.766
44,1.701,3.068,2.73,0.547,0.878,0.844,-0.097,12.873,12.79,0.185,14.035,13.927,2.841,3.152,3.449,0.984,0.982,0.533,2.568
45,1.696,3.082,2.746,0.547,0.879,0.845,-0.044,12.936,12.853,0.238,14.097,13.988,2.846,3.154,3.442,0.984,0.982,0.716,2.379
46,1.691,3.094,2.746,0.547,0.88,0.846,-0.097,12.971,12.882,0.188,14.144,14.026,2.85,3.158,3.447,0.984,0.982,0.618,2.199
47,1.702,3.108,2.755,0.549,0.881,0.846,0.052,13.035,12.942,0.335,14.205,14.082,2.842,3.159,3.438,0.984,0.982,0.525,2.026
48,1.692,3.104,2.755,0.545,0.881,0.847,-0.099,13.072,12.979,0.185,14.228,14.106,2.833,3.156,3.432,0.984,0.982,0.734,2.158
49,1.693,3.114,2.767,0.544,0.882,0.848,-0.116,13.187,13.092,0.167,14.32,14.196,2.838,3.155,3.437,0.985,0.982,0.642,2.113
50,1.69,3.118,2.773,0.545,0.883,0.849,-0.101,13.208,13.113,0.179,14.373,14.248,2.843,3.157,3.445,0.985,0.983,0.555,2.095
51,1.685,3.115,2.761,0.544,0.882,0.848,-0.105,13.249,13.152,0.173,14.394,14.266,2.832,3.158,3.444,0.985,0.983,0.579,2.155
52,1.685,3.12,2.765,0.544,0.882,0.848,-0.1,13.262,13.162,0.179,14.396,14.265,2.822,3.156,3.44,0.985,0.982,0.496,2.0
53,1.685,3.123,2.76,0.544,0.882,0.847,-0.084,13.312,13.209,0.206,14.422,14.289,2.807,3.159,3.442,0.985,0.983,0.416,2.44
54,1.685,3.123,2.757,0.546,0.883,0.848,-0.101,13.282,13.177,0.188,14.417,14.28,2.792,3.166,3.452,0.984,0.982,0.471,2.285
55,1.685,3.119,2.748,0.547,0.883,0.847,-0.07,13.296,13.185,0.217,14.409,14.267,2.779,3.172,3.461,0.985,0.983,0.394,2.275
56,1.681,3.116,2.746,0.547,0.884,0.849,-0.104,13.314,13.204,0.183,14.407,14.266,2.767,3.176,3.465,0.985,0.982,0.32,2.256
57,1.682,3.116,2.744,0.545,0.884,0.848,-0.151,13.324,13.214,0.134,14.396,14.255,2.756,3.179,3.463,0.985,0.982,0.249,2.112
58,1.677,3.123,2.755,0.545,0.885,0.849,-0.107,13.322,13.214,0.178,14.468,14.329,2.746,3.18,3.466,0.985,0.983,0.303,2.097
59,1.677,3.113,2.746,0.545,0.884,0.848,-0.035,13.3,13.192,0.249,14.432,14.294,2.753,3.18,3.453,0.985,0.982,0.423,1.961
60,1.669,3.108,2.746,0.545,0.884,0.849,-0.115,13.275,13.169,0.173,14.405,14.269,2.759,3.179,3.455,0.984,0.982,0.909,2.385
61,1.665,3.099,2.737,0.541,0.882,0.846,-0.232,13.254,13.148,0.057,14.364,14.228,2.77,3.177,3.46,0.984,0.982,1.005,2.507
62,1.668,3.099,2.737,0.544,0.882,0.847,-0.117,13.278,13.172,0.17,14.398,14.262,2.781,3.18,3.459,0.984,0.982,0.928,2.444
63,1.665,3.098,2.736,0.543,0.882,0.847,-0.045,13.337,13.231,0.242,14.442,14.306,2.784,3.182,3.462,0.985,0.981,0.854,2.312
64,1.66,3.1,2.736,0.542,0.882,0.847,-0.122,13.328,13.222,0.17,14.425,14.29,2.786,3.182,3.457,0.985,0.982,0.782,2.183
65,1.663,3.104,2.742,0.542,0.883,0.848,-0.17,13.317,13.212,0.128,14.4,14.265,2.789,3.184,3.454,0.985,0.982,0.712,2.058
66,1.663,3.101,2.745,0.543,0.883,0.847,-0.123,13.304,13.198,0.174,14.416,14.279,2.792,3.187,3.46,0.985,0.982,0.645,2.126
67,1.663,3.109,2.753,0.544,0.884,0.848,-0.087,13.37,13.26,0.207,14.471,14.33,2.786,3.188,3.46,0.985,0.982,0.579,2.006
68,1.659,3.105,2.752,0.543,0.884,0.849,-0.121,13.371,13.262,0.172,14.456,14.316,2.78,3.191,3.464,0.985,0.982,0.649,2.023
69,1.659,3.105,2.751,0.543,0.885,0.849,-0.16,13.351,13.241,0.133,14.417,14.277,2.784,3.194,3.469,0.985,0.981,0.585,1.908
70,1.659,3.1,2.747,0.543,0.884,0.848,-0.12,13.302,13.193,0.172,14.376,14.237,2.788,3.194,3.466,0.985,0.982,0.702,1.974
71,1.655,3.098,2.746,0.541,0.884,0.848,-0.18,13.318,13.209,0.113,14.379,14.241,2.788,3.192,3.465,0.985,0.981,0.767,1.991
72,1.661,3.105,2.754,0.544,0.884,0.849,-0.122,13.29,13.183,0.169,14.348,14.211,2.787,3.186,3.46,0.985,0.982,0.705,1.881
73,1.667,3.104,2.752,0.545,0.885,0.849,-0.072,13.285,13.177,0.217,14.333,14.195,2.783,3.188,3.458,0.985,0.982,0.643,1.774
74,1.665,3.104,2.747,0.545,0.885,0.848,-0.124,13.291,13.182,0.166,14.346,14.207,2.78,3.19,3.464,0.985,0.982,0.648,1.734
75,1.662,3.103,2.738,0.542,0.884,0.847,-0.139,13.308,13.199,0.151,14.354,14.215,2.779,3.189,3.47,0.985,0.982,0.59,1.898
76,1.666,3.105,2.736,0.543,0.885,0.848,-0.124,13.328,13.219,0.165,14.379,14.24,2.779,3.189,3.467,0.985,0.981,0.533,1.795
77,1.665,3.107,2.74,0.543,0.885,0.848,-0.167,13.376,13.267,0.123,14.418,14.279,2.783,3.188,3.466,0.985,0.982,0.477,1.695
78,1.665,3.104,2.738,0.544,0.884,0.847,-0.12,13.35,13.241,0.168,14.446,14.305,2.788,3.183,3.46,0.985,0.981,0.53,1.704
79,1.666,3.103,2.739,0.545,0.884,0.847,-0.074,13.372,13.262,0.214,14.457,14.316,2.788,3.181,3.454,0.985,0.981,0.476,1.607
80,1.663,3.102,2.735,0.544,0.885,0.847,-0.123,13.349,13.239,0.166,14.423,14.281,2.788,3.18,3.451,0.985,0.981,0.423,1.617
81,1.663,3.101,2.732,0.542,0.884,0.846,-0.171,13.358,13.246,0.12,14.428,14.285,2.797,3.181,3.455,0.985,0.98,0.783,1.524
82,1.664,3.1,2.729,0.543,0.884,0.846,-0.118,13.372,13.26,0.173,14.459,14.313,2.805,3.183,3.455,0.985,0.98,0.727,1.433
83,1.665,3.099,2.728,0.542,0.884,0.846,-0.185,13.384,13.271,0.105,14.458,14.313,2.816,3.183,3.458,0.985,0.98,0.674,1.437
84,1.666,3.099,2.73,0.543,0.884,0.846,-0.119,13.343,13.231,0.17,14.412,14.269,2.826,3.182,3.46,0.985,0.98,0.695,1.647
85,1.67,3.102,2.729,0.544,0.884,0.846,-0.136,13.365,13.248,0.152,14.424,14.275,2.833,3.185,3.459,0.985,0.98,0.774,1.819
86,1.671,3.098,2.724,0.545,0.884,0.845,-0.119,13.339,13.223,0.17,14.441,14.289,2.839,3.183,3.46,0.985,0.98,0.721,1.729
87,1.669,3.098,2.725,0.543,0.884,0.845,-0.163,13.352,13.236,0.126,14.443,14.291,2.835,3.186,3.464,0.985,0.98,0.67,1.641
88,1.673,3.102,2.729,0.544,0.885,0.846,-0.122,13.337,13.221,0.166,14.44,14.289,2.831,3.186,3.461,0.985,0.981,0.619,1.555
89,1.675,3.105,2.729,0.544,0.885,0.846,-0.095,13.339,13.223,0.195,14.44,14.288,2.831,3.187,3.461,0.985,0.981,0.57,1.596
90,1.676,3.111,2.74,0.544,0.885,0.847,-0.122,13.316,13.2,0.171,14.442,14.29,2.832,3.186,3.464,0.985,0.981,0.522,1.512
91,1.672,3.115,2.74,0.542,0.886,0.847,-0.206,13.339,13.223,0.095,14.465,14.312,2.835,3.187,3.466,0.985,0.98,0.475,1.552
92,1.674,3.113,2.741,0.544,0.886,0.848,-0.129,13.263,13.148,0.172,14.403,14.251,2.838,3.189,3.469,0.985,0.98,0.565,1.471
93,1.673,3.114,2.734,0.542,0.885,0.846,-0.116,13.294,13.177,0.185,14.431,14.278,2.841,3.189,3.472,0.985,0.98,0.698,1.392
94,1.674,3.115,2.737,0.542,0.885,0.847,-0.128,13.254,13.133,0.172,14.417,14.256,2.843,3.189,3.47,0.985,0.98,0.651,1.314
95,1.677,3.116,2.734,0.543,0.885,0.846,-0.111,13.262,13.14,0.188,14.416,14.255,2.839,3.192,3.471,0.984,0.98,0.605,1.318
96,1.674,3.106,2.727,0.542,0.884,0.845,-0.129,13.144,13.023,0.171,14.351,14.192,2.834,3.192,3.474,0.984,0.98,0.559,1.243
97,1.679,3.109,2.728,0.542,0.884,0.845,-0.09,13.166,13.045,0.21,14.366,14.205,2.832,3.193,3.471,0.984,0.98,0.515,1.169
98,1.676,3.101,2.724,0.541,0.883,0.844,-0.129,13.124,13.004,0.174,14.373,14.214,2.831,3.196,3.476,0.984,0.98,0.698,1.096
99,1.676,3.103,2.726,0.539,0.883,0.843,-0.167,13.136,13.015,0.138,14.373,14.214,2.836,3.198,3.476,0.984,0.98,0.653,1.025
100,1.677,3.108,2.73,0.54,0.883,0.844,-0.127,13.138,13.017,0.177,14.402,14.242,2.841,3.203,3.478,0.984,0.98,0.609,0.956
101,1.683,3.107,2.731,0.541,0.883,0.844,-0.102,13.108,12.988,0.201,14.365,14.206,2.842,3.202,3.476,0.984,0.98,0.566,0.888
102,1.682,3.103,2.726,0.54,0.882,0.843,-0.128,13.077,12.959,0.175,14.359,14.201,2.843,3.2,3.474,0.984,0.979,0.632,1.474
103,1.687,3.104,2.729,0.54,0.882,0.843,-0.094,13.065,12.947,0.21,14.34,14.182,2.845,3.201,3.476,0.984,0.979,0.59,1.402
104,1.685,3.102,2.729,0.54,0.882,0.844,-0.127,13.05,12.933,0.18,14.337,14.18,2.847,3.202,3.481,0.984,0.98,0.668,1.392
105,1.684,3.103,2.727,0.54,0.881,0.842,-0.16,13.048,12.93,0.146,14.324,14.167,2.85,3.205,3.484,0.984,0.979,0.626,1.469
106,1.687,3.101,2.722,0.54,0.881,0.841,-0.127,13.01,12.894,0.178,14.324,14.168,2.852,3.208,3.484,0.984,0.979,0.585,1.556
107,1.687,3.1,2.721,0.54,0.881,0.841,-0.09,13.009,12.893,0.214,14.314,14.158,2.849,3.206,3.485,0.984,0.979,0.545,1.486
108,1.685,3.098,2.72,0.539,0.88,0.84,-0.125,13.007,12.891,0.179,14.304,14.149,2.846,3.204,3.483,0.984,0.979,0.505,1.418
109,1.684,3.098,2.719,0.539,0.88,0.84,-0.114,13.01,12.894,0.189,14.299,14.144,2.843,3.204,3.483,0.984,0.979,0.466,1.35
110,1.682,3.1,2.721,0.538,0.88,0.841,-0.125,13.013,12.897,0.178,14.294,14.14,2.84,3.197,3.478,0.984,0.98,0.427,1.284
111,1.683,3.103,2.724,0.538,0.881,0.841,-0.141,13.009,12.893,0.16,14.282,14.128,2.842,3.199,3.478,0.984,0.98,0.39,1.219
112,1.682,3.102,2.727,0.537,0.881,0.842,-0.124,13.003,12.888,0.176,14.277,14.123,2.845,3.2,3.48,0.984,0.98,0.353,1.2
113,1.681,3.105,2.727,0.537,0.881,0.842,-0.15,13.016,12.901,0.151,14.285,14.131,2.846,3.201,3.482,0.984,0.98,0.316,1.235
114,1.679,3.104,2.73,0.537,0.881,0.842,-0.124,13.001,12.887,0.177,14.301,14.147,2.847,3.201,3.482,0.984,0.98,0.281,1.172
115,1.678,3.104,2.728,0.536,0.881,0.842,-0.155,13.014,12.898,0.145,14.306,14.151,2.848,3.203,3.486,0.984,0.98,0.246,1.11
116,1.678,3.105,2.73,0.536,0.881,0.842,-0.122,13.02,12.905,0.177,14.307,14.153,2.849,3.2,3.483,0.984,0.98,0.211,1.05
117,1.678,3.097,2.723,0.536,0.88,0.841,-0.129,13.0,12.886,0.17,14.275,14.121,2.853,3.202,3.486,0.984,0.98,0.333,1.145
118,1.676,3.097,2.721,0.536,0.88,0.84,-0.121,12.993,12.879,0.178,14.283,14.13,2.857,3.203,3.491,0.984,0.98,0.375,1.239
119,1.674,3.099,2.718,0.536,0.88,0.84,-0.12,13.013,12.897,0.179,14.296,14.141,2.862,3.206,3.497,0.984,0.98,0.341,1.256
120,1.675,3.1,2.722,0.536,0.88,0.84,-0.119,13.007,12.891,0.18,14.284,14.129,2.867,3.206,3.496,0.984,0.98,0.307,1.196
121,1.676,3.101,2.724,0.535,0.878,0.838,-0.119,13.009,12.894,0.181,14.287,14.133,2.87,3.205,3.495,0.984,0.979,0.273,1.302
122,1.676,3.101,2.726,0.536,0.878,0.838,-0.117,13.023,12.908,0.182,14.308,14.155,2.872,3.204,3.494,0.984,0.979,0.422,1.334
123,1.677,3.101,2.728,0.535,0.876,0.835,-0.084,13.031,12.917,0.215,14.315,14.163,2.871,3.203,3.488,0.983,0.979,0.388,1.275
124,1.677,3.099,2.724,0.536,0.876,0.835,-0.117,13.024,12.91,0.181,14.322,14.167,2.871,3.202,3.482,0.983,0.979,0.355,1.217
125,1.679,3.103,2.729,0.535,0.873,0.832,-0.074,13.059,12.944,0.223,14.358,14.205,2.876,3.201,3.484,0.983,0.979,0.322,1.319
126,1.679,3.103,2.726,0.535,0.872,0.831,-0.118,13.042,12.924,0.179,14.361,14.202,2.881,3.204,3.485,0.983,0.979,0.607,1.579
127,1.677,3.105,2.729,0.533,0.872,0.831,-0.167,13.051,12.933,0.129,14.36,14.202,2.88,3.206,3.487,0.983,0.979,0.573,1.52
128,1.68,3.103,2.725,0.534,0.872,0.831,-0.118,13.041,12.924,0.178,14.349,14.192,2.879,3.208,3.487,0.983,0.979,0.539,1.462
129,1.681,3.105,2.726,0.535,0.873,0.832,-0.069,13.058,12.941,0.227,14.361,14.204,2.883,3.207,3.485,0.983,0.979,0.506,1.405
130,1.678,3.102,2.724,0.534,0.873,0.832,-0.12,13.066,12.947,0.178,14.362,14.203,2.886,3.206,3.483,0.983,0.979,0.473,1.348
131,1.675,3.102,2.727,0.532,0.871,0.831,-0.184,13.084,12.966,0.118,14.383,14.225,2.888,3.206,3.487,0.983,0.979,0.441,1.293
132,1.683,3.106,2.732,0.534,0.872,0.831,-0.116,13.096,12.978,0.186,14.39,14.233,2.89,3.206,3.483,0.983,0.979,0.409,1.238
133,1.686,3.104,2.732,0.535,0.872,0.832,-0.103,13.088,12.971,0.199,14.385,14.229,2.888,3.206,3.481,0.983,0.979,0.378,1.184
134,1.686,3.104,2.729,0.535,0.872,0.832,-0.117,13.09,12.972,0.186,14.384,14.226,2.885,3.205,3.482,0.983,0.979,0.347,1.131
135,1.687,3.105,2.73,0.535,0.873,0.832,-0.072,13.081,12.963,0.233,14.386,14.228,2.888,3.206,3.483,0.983,0.979,0.317,1.079
136,1.685,3.11,2.735,0.534,0.873,0.832,-0.119,13.07,12.952,0.203,14.382,14.223,2.89,3.207,3.485,0.983,0.979,0.348,1.088
137,1.686,3.114,2.739,0.534,0.873,0.832,-0.113,13.097,12.979,0.209,14.409,14.251,2.889,3.206,3.484,0.983,0.979,0.318,1.402
138,1.687,3.115,2.743,0.536,0.873,0.833,-0.12,13.096,12.979,0.202,14.438,14.28,2.887,3.205,3.485,0.983,0.979,0.289,1.349
139,1.686,3.118,2.747,0.535,0.873,0.833,-0.137,13.113,12.997,0.186,14.458,14.301,2.889,3.203,3.483,0.983,0.979,0.26,1.296
140,1.688,3.116,2.742,0.536,0.873,0.832,-0.12,13.096,12.98,0.203,14.455,14.297,2.892,3.203,3.481,0.982,0.978,0.231,1.459
141,1.687,3.116,2.741,0.535,0.874,0.833,-0.159,13.109,12.993,0.163,14.461,14.305,2.894,3.204,3.483,0.982,0.978,0.203,1.407
142,1.688,3.115,2.742,0.535,0.873,0.833,-0.118,13.116,13.001,0.203,14.462,14.306,2.897,3.205,3.482,0.983,0.978,0.175,1.355
143,1.69,3.117,2.745,0.536,0.874,0.833,-0.067,13.117,13.002,0.253,14.456,14.3,2.893,3.206,3.481,0.983,0.979,0.147,1.304
144,1.687,3.117,2.742,0.535,0.873,0.833,-0.118,13.113,12.993,0.203,14.445,14.285,2.89,3.206,3.485,0.983,0.979,0.12,1.254
145,1.689,3.119,2.743,0.536,0.874,0.833,-0.137,13.12,13.0,0.185,14.444,14.284,2.89,3.205,3.483,0.983,0.979,0.094,1.236
146,1.687,3.115,2.741,0.535,0.873,0.832,-0.119,13.114,12.994,0.203,14.453,14.293,2.891,3.205,3.483,0.983,0.979,0.067,1.187
147,1.688,3.117,2.737,0.536,0.873,0.832,-0.115,13.139,13.016,0.205,14.469,14.307,2.894,3.206,3.486,0.983,0.979,0.041,1.235
148,1.686,3.116,2.736,0.536,0.873,0.832,-0.118,13.17,13.047,0.203,14.494,14.331,2.896,3.206,3.488,0.983,0.978,0.209,1.38
149,1.686,3.113,2.734,0.536,0.873,0.832,-0.072,13.163,13.041,0.248,14.48,14.318,2.896,3.206,3.489,0.983,0.979,0.23,1.379
150,1.684,3.111,2.729,0.534,0.872,0.831,-0.118,13.131,13.009,0.202,14.443,14.281,2.896,3.207,3.491,0.983,0.978,0.204,1.381
151,1.684,3.112,2.731,0.533,0.871,0.83,-0.137,13.133,13.012,0.184,14.45,14.289,2.898,3.209,3.494,0.983,0.978,0.178,1.333
152,1.684,3.114,2.732,0.534,0.871,0.83,-0.117,13.139,13.018,0.202,14.466,14.306,2.9,3.209,3.495,0.983,0.979,0.152,1.285
153,1.685,3.114,2.73,0.534,0.87,0.829,-0.101,13.136,13.016,0.218,14.471,14.31,2.9,3.209,3.493,0.983,0.979,0.126,1.238
154,1.685,3.116,2.73,0.534,0.87,0.829,-0.119,13.126,13.006,0.201,14.465,14.305,2.9,3.209,3.493,0.983,0.979,0.231,1.386
155,1.687,3.114,2.727,0.534,0.869,0.828,-0.126,13.126,13.005,0.193,14.469,14.309,2.902,3.211,3.494,0.983,0.979,0.205,1.339
156,1.687,3.113,2.727,0.534,0.87,0.828,-0.119,13.134,13.013,0.199,14.473,14.313,2.903,3.211,3.495,0.983,0.979,0.18,1.292
157,1.686,3.104,2.721,0.534,0.868,0.827,-0.105,13.09,12.97,0.213,14.432,14.272,2.905,3.211,3.496,0.983,0.979,0.155,1.246
158,1.685,3.098,2.716,0.534,0.867,0.826,-0.119,13.034,12.913,0.199,14.379,14.22,2.906,3.21,3.497,0.983,0.979,0.13,1.342
159,1.683,3.098,2.716,0.533,0.867,0.825,-0.117,13.031,12.911,0.201,14.387,14.227,2.905,3.21,3.497,0.983,0.979,0.139,1.395
160,1.682,3.101,2.718,0.533,0.867,0.826,-0.12,13.032,12.912,0.198,14.38,14.221,2.904,3.207,3.493,0.983,0.979,0.114,1.423
161,1.685,3.104,2.719,0.533,0.867,0.825,-0.09,13.03,12.91,0.227,14.391,14.232,2.904,3.208,3.492,0.983,0.979,0.207,1.494
162,1.682,3.1,2.718,0.533,0.867,0.825,-0.122,13.005,12.886,0.196,14.39,14.231,2.905,3.208,3.492,0.983,0.979,0.183,1.448
163,1.681,3.097,2.714,0.531,0.865,0.824,-0.166,12.988,12.869,0.154,14.372,14.214,2.902,3.209,3.495,0.983,0.978,0.255,1.564
164,1.685,3.099,2.715,0.532,0.866,0.825,-0.123,13.009,12.89,0.196,14.386,14.228,2.9,3.205,3.489,0.983,0.978,0.231,1.518
165,1.684,3.095,2.712,0.531,0.865,0.823,-0.152,13.011,12.893,0.166,14.389,14.232,2.9,3.206,3.492,0.983,0.978,0.207,1.473
166,1.686,3.099,2.714,0.532,0.865,0.823,-0.124,13.011,12.892,0.194,14.389,14.231,2.901,3.205,3.493,0.983,0.979,0.183,1.428
167,1.685,3.095,2.712,0.531,0.863,0.822,-0.136,13.01,12.892,0.183,14.394,14.238,2.9,3.205,3.495,0.983,0.978,0.159,1.47
168,1.688,3.097,2.711,0.532,0.864,0.822,-0.124,13.017,12.898,0.195,14.402,14.243,2.898,3.206,3.496,0.983,0.979,0.136,1.426
169,1.69,3.099,2.714,0.532,0.864,0.822,-0.104,13.02,12.901,0.216,14.418,14.26,2.903,3.207,3.499,0.983,0.979,0.113,1.382
170,1.688,3.099,2.715,0.532,0.864,0.823,-0.127,13.028,12.909,0.195,14.421,14.264,2.908,3.207,3.5,0.983,0.978,0.09,1.339
171,1.688,3.097,2.712,0.531,0.863,0.822,-0.122,13.031,12.912,0.199,14.426,14.269,2.909,3.207,3.5,0.983,0.978,0.068,1.355
172,1.688,3.098,2.713,0.531,0.863,0.822,-0.127,13.02,12.901,0.194,14.407,14.251,2.91,3.206,3.5,0.983,0.978,0.046,1.342
173,1.687,3.096,2.714,0.53,0.862,0.822,-0.15,13.02,12.902,0.171,14.41,14.254,2.911,3.205,3.502,0.983,0.978,0.024,1.3
174,1.687,3.096,2.712,0.53,0.863,0.822,-0.128,13.014,12.896,0.192,14.408,14.252,2.911,3.205,3.5,0.983,0.978,0.002,1.258
175,1.69,3.096,2.712,0.53,0.863,0.822,-0.111,13.016,12.899,0.209,14.419,14.264,2.911,3.209,3.504,0.983,0.978,-0.019,1.217
176,1.688,3.093,2.712,0.53,0.863,0.822,-0.127,13.0,12.883,0.197,14.424,14.269,2.911,3.21,3.504,0.983,0.979,-0.041,1.177
177,1.689,3.092,2.713,0.53,0.862,0.821,-0.11,13.001,12.884,0.214,14.429,14.273,2.914,3.213,3.506,0.983,0.979,-0.062,1.174
178,1.689,3.09,2.711,0.53,0.862,0.821,-0.125,12.988,12.871,0.197,14.416,14.261,2.917,3.214,3.509,0.983,0.979,-0.065,1.152
179,1.689,3.093,2.713,0.531,0.863,0.822,-0.098,12.996,12.88,0.224,14.431,14.276,2.919,3.214,3.51,0.983,0.979,-0.085,1.112
180,1.688,3.093,2.714,0.53,0.863,0.822,-0.126,13.011,12.894,0.196,14.439,14.283,2.921,3.216,3.512,0.983,0.979,-0.069,1.221
181,1.687,3.093,2.714,0.531,0.863,0.822,-0.082,13.015,12.898,0.239,14.444,14.29,2.923,3.216,3.513,0.983,0.979,-0.089,1.182
182,1.685,3.088,2.71,0.529,0.863,0.822,-0.125,12.995,12.878,0.196,14.427,14.272,2.925,3.216,3.515,0.983,0.979,-0.017,1.234
183,1.685,3.086,2.71,0.53,0.863,0.822,-0.113,12.99,12.873,0.209,14.42,14.265,2.926,3.216,3.515,0.983,0.979,-0.038,1.195
184,1.686,3.087,2.711,0.529,0.863,0.822,-0.125,12.983,12.866,0.2,14.406,14.251,2.927,3.216,3.516,0.983,0.979,-0.058,1.156
185,1.69,3.088,2.711,0.53,0.863,0.822,-0.107,12.99,12.873,0.216,14.415,14.26,2.931,3.216,3.516,0.983,0.979,-0.078,1.118
186,1.692,3.088,2.712,0.53,0.863,0.822,-0.125,12.99,12.874,0.199,14.413,14.259,2.936,3.216,3.518,0.983,0.978,-0.098,1.08
187,1.695,3.088,2.712,0.531,0.863,0.822,-0.103,12.988,12.871,0.22,14.412,14.258,2.94,3.217,3.519,0.983,0.978,-0.117,1.043
188,1.695,3.085,2.71,0.531,0.863,0.822,-0.125,12.979,12.862,0.197,14.41,14.256,2.944,3.217,3.521,0.983,0.978,-0.119,1.023
189,1.696,3.085,2.711,0.531,0.863,0.822,-0.118,12.976,12.86,0.204,14.407,14.253,2.946,3.218,3.522,0.983,0.978,-0.138,0.986
190,1.697,3.085,2.711,0.532,0.863,0.822,-0.125,12.966,12.85,0.196,14.405,14.252,2.948,3.218,3.521,0.983,0.978,-0.135,0.95
191,1.698,3.085,2.712,0.532,0.863,0.822,-0.104,12.969,12.853,0.217,14.409,14.256,2.948,3.221,3.522,0.983,0.979,-0.154,0.914
192,1.698,3.085,2.711,0.531,0.863,0.821,-0.125,12.948,12.832,0.195,14.401,14.247,2.948,3.221,3.522,0.983,0.979,-0.173,0.878
193,1.7,3.084,2.711,0.531,0.862,0.82,-0.097,12.96,12.845,0.224,14.424,14.27,2.95,3.22,3.524,0.983,0.979,-0.191,0.843
194,1.7,3.086,2.709,0.531,0.861,0.819,-0.126,12.965,12.847,0.195,14.433,14.274,2.951,3.22,3.525,0.983,0.979,-0.21,0.808
195,1.699,3.084,2.707,0.53,0.86,0.818,-0.161,12.947,12.829,0.159,14.409,14.252,2.954,3.219,3.528,0.983,0.979,-0.228,0.774
196,1.701,3.085,2.709,0.531,0.861,0.819,-0.126,12.944,12.826,0.193,14.412,14.255,2.957,3.22,3.529,0.983,0.979,-0.246,0.739
197,1.701,3.086,2.71,0.531,0.86,0.819,-0.122,12.943,12.826,0.197,14.415,14.258,2.961,3.221,3.53,0.983,0.979,-0.219,0.772
198,1.701,3.087,2.71,0.531,0.861,0.819,-0.125,12.938,12.82,0.194,14.408,14.25,2.965,3.22,3.53,0.983,0.979,-0.237,0.738
199,1.701,3.082,2.706,0.531,0.861,0.819,-0.123,12.907,12.79,0.198,14.377,14.22,2.966,3.22,3.53,0.983,0.979,-0.221,0.771
200,1.7,3.08,2.706,0.531,0.861,0.819,-0.125,12.889,12.772,0.196,14.366,14.21,2.967,3.219,3.528,0.983,0.979,-0.239,0.738
201,1.7,3.081,2.707,0.532,0.861,0.819,-0.107,12.89,12.773,0.214,14.372,14.216,2.968,3.219,3.528,0.983,0.979,-0.257,0.705
202,1.699,3.081,2.707,0.531,0.861,0.819,-0.126,12.896,12.779,0.194,14.372,14.216,2.968,3.218,3.527,0.983,0.979,-0.246,0.699
203,1.702,3.082,2.711,0.532,0.861,0.819,-0.102,12.896,12.779,0.217,14.383,14.227,2.968,3.219,3.528,0.983,0.979,-0.193,0.737
204,1.702,3.082,2.715,0.532,0.861,0.819,-0.127,12.91,12.792,0.193,14.395,14.238,2.968,3.216,3.526,0.983,0.979,-0.211,0.704
205,1.702,3.083,2.717,0.532,0.86,0.819,-0.116,12.911,12.794,0.204,14.405,14.248,2.969,3.218,3.525,0.983,0.979,-0.228,0.672
206,1.7,3.083,2.719,0.532,0.86,0.819,-0.128,12.917,12.8,0.192,14.42,14.263,2.971,3.218,3.525,0.983,0.979,-0.245,0.748
207,1.7,3.081,2.721,0.531,0.859,0.818,-0.121,12.918,12.801,0.199,14.424,14.268,2.97,3.218,3.525,0.983,0.979,-0.262,0.715
208,1.7,3.082,2.72,0.531,0.859,0.818,-0.127,12.9,12.783,0.193,14.404,14.247,2.97,3.217,3.524,0.983,0.979,-0.225,0.79
209,1.703,3.083,2.723,0.531,0.858,0.818,-0.098,12.902,12.786,0.221,14.414,14.257,2.972,3.217,3.523,0.983,0.979,-0.242,0.758
210,1.701,3.082,2.723,0.532,0.859,0.818,-0.127,12.896,12.78,0.192,14.414,14.257,2.974,3.217,3.522,0.983,0.979,-0.206,0.885
211,1.7,3.081,2.721,0.531,0.858,0.817,-0.126,12.892,12.776,0.193,14.417,14.261,2.977,3.218,3.524,0.983,0.979,-0.223,0.853
212,1.7,3.079,2.719,0.531,0.858,0.817,-0.128,12.898,12.781,0.191,14.418,14.261,2.98,3.218,3.525,0.983,0.979,-0.177,0.947
213,1.701,3.079,2.72,0.531,0.858,0.817,-0.133,12.9,12.782,0.185,14.423,14.265,2.982,3.218,3.527,0.983,0.979,-0.193,0.969
214,1.7,3.078,2.72,0.531,0.858,0.817,-0.128,12.894,12.776,0.19,14.425,14.266,2.985,3.219,3.527,0.983,0.979,-0.21,0.965
215,1.699,3.077,2.719,0.531,0.858,0.817,-0.124,12.899,12.781,0.193,14.434,14.275,2.983,3.219,3.527,0.983,0.979,-0.226,0.933
216,1.7,3.078,2.721,0.531,0.858,0.817,-0.128,12.911,12.792,0.189,14.44,14.281,2.982,3.217,3.525,0.983,0.979,-0.14,1.029
217,1.699,3.078,2.72,0.531,0.858,0.817,-0.131,12.91,12.791,0.186,14.445,14.285,2.978,3.218,3.527,0.983,0.979,-0.156,1.055
218,1.7,3.076,2.718,0.531,0.858,0.817,-0.13,12.9,12.781,0.188,14.445,14.285,2.974,3.219,3.529,0.983,0.979,-0.173,1.047
219,1.702,3.077,2.718,0.532,0.858,0.816,-0.099,12.904,12.785,0.218,14.454,14.293,2.973,3.219,3.528,0.983,0.979,-0.037,1.167
220,1.701,3.077,2.718,0.531,0.858,0.817,-0.13,12.883,12.764,0.187,14.462,14.301,2.971,3.219,3.53,0.983,0.979,0.022,1.211
221,1.701,3.078,2.72,0.532,0.858,0.817,-0.115,12.884,12.765,0.202,14.466,14.306,2.972,3.22,3.528,0.983,0.979,0.005,1.179
222,1.7,3.08,2.721,0.532,0.859,0.817,-0.13,12.894,12.776,0.187,14.477,14.318,2.973,3.219,3.527,0.983,0.979,0.014,1.173
223,1.698,3.08,2.722,0.532,0.859,0.817,-0.125,12.899,12.781,0.191,14.488,14.329,2.974,3.219,3.527,0.983,0.979,0.032,1.176
224,1.698,3.081,2.724,0.532,0.859,0.818,-0.13,12.914,12.795,0.186,14.498,14.337,2.975,3.218,3.523,0.983,0.979,0.015,1.189
225,1.696,3.08,2.725,0.531,0.859,0.818,-0.151,12.912,12.794,0.165,14.498,14.338,2.975,3.218,3.524,0.983,0.979,0.039,1.197
226,1.697,3.081,2.725,0.532,0.859,0.818,-0.13,12.919,12.8,0.186,14.506,14.346,2.976,3.219,3.523,0.983,0.979,0.022,1.166
227,1.697,3.081,2.727,0.531,0.859,0.818,-0.141,12.92,12.801,0.175,14.516,14.355,2.976,3.22,3.525,0.983,0.979,0.005,1.135
228,1.697,3.082,2.727,0.532,0.859,0.818,-0.13,12.914,12.795,0.186,14.529,14.368,2.975,3.219,3.524,0.983,0.979,0.062,1.177
229,1.698,3.081,2.729,0.532,0.859,0.818,-0.125,12.916,12.797,0.192,14.535,14.374,2.973,3.219,3.525,0.983,0.979,0.045,1.146
230,1.697,3.084,2.73,0.531,0.859,0.818,-0.129,12.917,12.797,0.188,14.534,14.372,2.971,3.219,3.524,0.983,0.979,0.029,1.115
231,1.697,3.083,2.73,0.531,0.859,0.818,-0.117,12.914,12.795,0.201,14.535,14.374,2.97,3.219,3.524,0.983,0.979,0.012,1.084
232,1.697,3.082,2.728,0.531,0.859,0.818,-0.129,12.883,12.765,0.189,14.502,14.341,2.97,3.219,3.525,0.983,0.979,-0.004,1.083
233,1.697,3.081,2.729,0.532,0.859,0.818,-0.121,12.888,12.77,0.196,14.502,14.343,2.971,3.22,3.527,0.983,0.979,-0.02,1.053
234,1.696,3.079,2.727,0.531,0.86,0.819,-0.128,12.893,12.775,0.189,14.509,14.349,2.972,3.219,3.527,0.983,0.979,-0.036,1.023
235,1.695,3.081,2.729,0.531,0.86,0.819,-0.13,12.893,12.775,0.186,14.505,14.345,2.974,3.219,3.528,0.983,0.979,0.002,1.046
236,1.696,3.081,2.728,0.531,0.86,0.819,-0.129,12.873,12.756,0.188,14.496,14.337,2.975,3.219,3.529,0.983,0.979,-0.014,1.017
237,1.696,3.077,2.725,0.531,0.859,0.818,-0.142,12.864,12.747,0.173,14.482,14.323,2.976,3.219,3.529,0.983,0.979,0.251,1.269
238,1.696,3.077,2.724,0.532,0.859,0.818,-0.128,12.86,12.742,0.187,14.477,14.317,2.977,3.217,3.527,0.983,0.979,0.234,1.239
239,1.696,3.08,2.729,0.532,0.859,0.819,-0.129,12.876,12.758,0.188,14.487,14.328,2.98,3.218,3.529,0.983,0.979,0.218,1.209
240,1.695,3.08,2.729,0.532,0.86,0.819,-0.128,12.881,12.763,0.188,14.492,14.333,2.982,3.22,3.531,0.983,0.979,0.201,1.179
241,1.696,3.083,2.733,0.533,0.86,0.819,-0.119,12.893,12.775,0.196,14.5,14.341,2.983,3.218,3.528,0.983,0.979,0.268,1.232
242,1.694,3.081,2.732,0.534,0.86,0.819,-0.127,12.884,12.767,0.188,14.494,14.335,2.983,3.219,3.527,0.983,0.979,0.283,1.234
243,1.694,3.083,2.735,0.534,0.861,0.82,-0.116,12.886,12.769,0.199,14.492,14.334,2.984,3.22,3.527,0.983,0.979,0.318,1.256
244,1.693,3.084,2.733,0.534,0.861,0.82,-0.129,12.897,12.779,0.187,14.5,14.341,2.986,3.221,3.529,0.983,0.979,0.338,1.227
245,1.692,3.084,2.736,0.534,0.861,0.82,-0.122,12.902,12.785,0.194,14.503,14.344,2.988,3.222,3.529,0.983,0.979,0.403,1.279
246,1.691,3.085,2.734,0.535,0.861,0.82,-0.129,12.9,12.782,0.186,14.503,14.343,2.989,3.221,3.527,0.983,0.979,0.387,1.25
247,1.692,3.086,2.737,0.535,0.861,0.82,-0.137,12.902,12.784,0.179,14.502,14.342,2.992,3.22,3.525,0.983,0.979,0.37,1.221
248,1.692,3.085,2.734,0.535,0.861,0.82,-0.129,12.864,12.746,0.187,14.492,14.332,2.994,3.22,3.525,0.983,0.979,0.353,1.237
249,1.691,3.085,2.736,0.535,0.861,0.82,-0.119,12.874,12.755,0.196,14.501,14.34,2.996,3.221,3.527,0.983,0.979,0.387,1.309
250,1.691,3.087,2.735,0.535,0.861,0.82,-0.128,12.865,12.738,0.188,14.497,14.324,2.998,3.221,3.528,0.983,0.979,0.37,1.28
251,1.691,3.088,2.738,0.534,0.862,0.821,-0.146,12.864,12.737,0.174,14.496,14.323,2.999,3.221,3.528,0.983,0.979,0.354,1.251
252,1.692,3.09,2.74,0.535,0.862,0.821,-0.128,12.861,12.734,0.192,14.504,14.332,3.0,3.22,3.527,0.983,0.979,0.338,1.222
253,1.691,3.091,2.741,0.535,0.862,0.821,-0.133,12.865,12.739,0.186,14.506,14.334,3.0,3.22,3.524,0.983,0.979,0.321,1.251
254,1.692,3.091,2.742,0.535,0.862,0.821,-0.128,12.867,12.741,0.191,14.509,14.336,3.0,3.22,3.523,0.983,0.978,0.305,1.222
255,1.691,3.092,2.744,0.535,0.862,0.822,-0.137,12.875,12.749,0.183,14.512,14.34,3.0,3.219,3.521,0.983,0.979,0.29,1.194
256,1.691,3.091,2.744,0.535,0.862,0.821,-0.128,12.863,12.737,0.192,14.519,14.348,3.0,3.217,3.52,0.982,0.978,0.42,1.264
257,1.691,3.094,2.748,0.536,0.862,0.822,-0.118,12.876,12.751,0.202,14.528,14.357,3.001,3.217,3.52,0.982,0.978,0.404,1.236
258,1.692,3.095,2.748,0.536,0.863,0.822,-0.129,12.882,12.756,0.192,14.533,14.361,3.002,3.218,3.521,0.982,0.978,0.427,1.247
259,1.691,3.091,2.745,0.535,0.862,0.822,-0.158,12.831,12.705,0.163,14.473,14.302,3.003,3.217,3.52,0.982,0.978,0.493,1.33
260,1.691,3.089,2.744,0.536,0.862,0.822,-0.129,12.819,12.693,0.191,14.456,14.285,3.004,3.217,3.521,0.982,0.978,0.525,1.398
261,1.691,3.087,2.743,0.537,0.862,0.822,-0.134,12.794,12.669,0.187,14.425,14.255,3.002,3.217,3.521,0.982,0.978,0.673,1.424
262,1.692,3.086,2.741,0.537,0.862,0.822,-0.128,12.777,12.653,0.193,14.401,14.23,3.0,3.215,3.519,0.982,0.978,0.677,1.418
263,1.692,3.085,2.742,0.537,0.863,0.822,-0.141,12.788,12.663,0.179,14.41,14.241,3.001,3.215,3.521,0.982,0.978,0.715,1.444
264,1.694,3.087,2.743,0.537,0.863,0.822,-0.128,12.786,12.662,0.192,14.41,14.24,3.003,3.216,3.522,0.982,0.978,0.756,1.474
265,1.695,3.089,2.747,0.538,0.863,0.823,-0.111,12.794,12.67,0.209,14.419,14.25,3.002,3.215,3.52,0.982,0.978,0.815,1.522
266,1.694,3.087,2.746,0.538,0.863,0.823,-0.13,12.801,12.677,0.19,14.429,14.259,3.001,3.216,3.522,0.982,0.978,0.835,1.531
267,1.694,3.087,2.746,0.538,0.864,0.823,-0.132,12.797,12.673,0.187,14.421,14.251,2.999,3.215,3.521,0.982,0.978,0.818,1.53
268,1.693,3.087,2.747,0.539,0.864,0.823,-0.13,12.805,12.681,0.189,14.426,14.256,2.998,3.216,3.521,0.982,0.978,0.827,1.502
269,1.693,3.087,2.748,0.539,0.864,0.824,-0.138,12.803,12.679,0.18,14.421,14.252,3.0,3.216,3.519,0.982,0.978,0.81,1.475
270,1.692,3.088,2.749,0.539,0.864,0.824,-0.13,12.802,12.678,0.188,14.424,14.254,3.002,3.216,3.52,0.982,0.978,0.826,1.463
271,1.693,3.088,2.749,0.539,0.864,0.824,-0.13,12.793,12.669,0.188,14.413,14.244,3.003,3.216,3.518,0.982,0.978,0.809,1.498
272,1.693,3.088,2.749,0.539,0.864,0.824,-0.131,12.792,12.669,0.187,14.417,14.248,3.003,3.216,3.519,0.982,0.978,0.792,1.47
273,1.692,3.083,2.747,0.539,0.864,0.824,-0.149,12.748,12.625,0.169,14.37,14.201,3.0,3.213,3.518,0.982,0.978,0.828,1.548
274,1.692,3.084,2.747,0.54,0.864,0.824,-0.13,12.75,12.626,0.188,14.367,14.198,2.997,3.21,3.514,0.982,0.978,0.811,1.587
275,1.692,3.085,2.747,0.54,0.865,0.825,-0.152,12.772,12.647,0.166,14.387,14.217,2.998,3.211,3.516,0.982,0.978,0.794,1.612
276,1.694,3.084,2.745,0.541,0.864,0.824,-0.13,12.762,12.637,0.188,14.39,14.219,3.0,3.211,3.516,0.982,0.978,0.778,1.584
277,1.695,3.085,2.748,0.541,0.865,0.825,-0.119,12.776,12.651,0.198,14.402,14.231,3.001,3.21,3.515,0.982,0.978,0.906,1.629
278,1.694,3.083,2.745,0.541,0.864,0.824,-0.13,12.742,12.617,0.188,14.396,14.224,3.003,3.21,3.517,0.982,0.978,0.889,1.602
279,1.694,3.082,2.744,0.54,0.864,0.824,-0.152,12.747,12.622,0.166,14.397,14.225,3.0,3.212,3.517,0.982,0.978,1.112,1.933
280,1.693,3.08,2.744,0.541,0.864,0.824,-0.129,12.741,12.616,0.189,14.409,14.237,2.997,3.211,3.516,0.982,0.978,1.094,1.95
281,1.692,3.078,2.742,0.54,0.864,0.824,-0.133,12.728,12.604,0.185,14.389,14.218,2.996,3.212,3.517,0.982,0.978,1.433,2.278
282,1.693,3.079,2.742,0.541,0.864,0.824,-0.128,12.726,12.601,0.19,14.39,14.218,2.996,3.212,3.517,0.982,0.978,1.414,2.249
283,1.692,3.079,2.742,0.54,0.865,0.824,-0.143,12.726,12.6,0.174,14.391,14.217,2.994,3.213,3.519,0.982,0.978,1.396,2.249
284,1.692,3.079,2.741,0.54,0.864,0.824,-0.127,12.731,12.605,0.189,14.402,14.227,2.992,3.214,3.52,0.982,0.978,1.378,2.22
285,1.69,3.079,2.74,0.54,0.865,0.824,-0.143,12.736,12.609,0.174,14.406,14.231,2.991,3.214,3.52,0.982,0.978,1.404,2.236
286,1.69,3.079,2.739,0.54,0.865,0.824,-0.127,12.743,12.616,0.189,14.414,14.239,2.99,3.213,3.519,0.981,0.978,1.386,2.251
287,1.689,3.08,2.74,0.54,0.865,0.824,-0.147,12.749,12.622,0.169,14.419,14.244,2.99,3.213,3.52,0.981,0.978,1.368,2.222
288,1.69,3.081,2.74,0.54,0.865,0.824,-0.127,12.754,12.626,0.188,14.428,14.251,2.991,3.214,3.519,0.982,0.978,1.361,2.216
289,1.689,3.08,2.74,0.54,0.865,0.824,-0.127,12.756,12.628,0.188,14.429,14.252,2.992,3.214,3.52,0.982,0.978,1.343,2.25
290,1.689,3.08,2.74,0.54,0.865,0.824,-0.128,12.748,12.62,0.187,14.431,14.255,2.994,3.214,3.522,0.982,0.978,1.347,2.308
291,1.689,3.082,2.74,0.541,0.865,0.824,-0.123,12.751,12.623,0.191,14.433,14.256,2.993,3.212,3.522,0.982,0.978,1.346,2.311
292,1.688,3.08,2.739,0.54,0.865,0.824,-0.127,12.736,12.607,0.187,14.425,14.248,2.993,3.212,3.523,0.982,0.978,1.328,2.283
293,1.688,3.079,2.737,0.54,0.865,0.824,-0.124,12.733,12.605,0.19,14.42,14.243,2.993,3.212,3.521,0.982,0.978,1.311,2.255
294,1.687,3.078,2.738,0.54,0.865,0.825,-0.127,12.74,12.612,0.186,14.422,14.245,2.993,3.211,3.52,0.982,0.978,1.314,2.227
295,1.688,3.079,2.738,0.54,0.865,0.825,-0.123,12.739,12.611,0.191,14.42,14.242,2.991,3.211,3.52,0.982,0.978,1.296,2.2
296,1.686,3.078,2.736,0.54,0.865,0.825,-0.127,12.724,12.597,0.186,14.413,14.236,2.989,3.21,3.519,0.982,0.978,1.3,2.235
297,1.687,3.079,2.737,0.541,0.866,0.825,-0.12,12.729,12.6,0.192,14.417,14.239,2.989,3.211,3.52,0.982,0.978,1.283,2.208
298,1.686,3.077,2.735,0.54,0.865,0.825,-0.127,12.721,12.592,0.185,14.416,14.238,2.989,3.212,3.522,0.982,0.978,1.322,2.218
299,1.686,3.078,2.735,0.541,0.866,0.825,-0.127,12.722,12.593,0.185,14.418,14.239,2.987,3.213,3.523,0.982,0.978,1.306,2.191
300,1.687,3.079,2.733,0.54,0.866,0.825,-0.127,12.727,12.598,0.185,14.423,14.243,2.985,3.212,3.52,0.982,0.978,1.289,2.205
301,1.686,3.08,2.732,0.54,0.866,0.825,-0.143,12.723,12.594,0.169,14.416,14.236,2.985,3.212,3.521,0.982,0.978,1.272,2.178
302,1.686,3.078,2.732,0.541,0.866,0.826,-0.127,12.711,12.581,0.184,14.414,14.235,2.985,3.214,3.522,0.982,0.978,1.255,2.151
303,1.685,3.079,2.733,0.541,0.866,0.826,-0.134,12.717,12.587,0.177,14.416,14.236,2.982,3.214,3.523,0.982,0.978,1.239,2.141
304,1.685,3.08,2.734,0.541,0.866,0.826,-0.127,12.737,12.607,0.184,14.43,14.25,2.978,3.214,3.524,0.982,0.978,1.277,2.169
305,1.684,3.079,2.734,0.541,0.867,0.826,-0.135,12.738,12.608,0.176,14.428,14.248,2.978,3.213,3.523,0.982,0.978,1.261,2.143
306,1.683,3.08,2.735,0.541,0.866,0.826,-0.127,12.73,12.6,0.184,14.43,14.251,2.979,3.212,3.521,0.982,0.978,1.304,2.117
307,1.684,3.081,2.734,0.541,0.867,0.827,-0.124,12.734,12.604,0.186,14.43,14.25,2.979,3.212,3.522,0.982,0.978,1.287,2.09
308,1.683,3.081,2.736,0.541,0.867,0.827,-0.127,12.733,12.603,0.183,14.433,14.253,2.979,3.213,3.522,0.982,0.978,1.271,2.064
309,1.683,3.08,2.733,0.541,0.867,0.827,-0.131,12.731,12.6,0.179,14.428,14.247,2.98,3.213,3.523,0.982,0.978,1.28,2.063
310,1.683,3.078,2.731,0.541,0.867,0.827,-0.127,12.721,12.59,0.183,14.417,14.236,2.981,3.213,3.525,0.982,0.978,1.263,2.037
311,1.684,3.075,2.729,0.542,0.867,0.827,-0.111,12.688,12.557,0.198,14.381,14.201,2.981,3.213,3.525,0.982,0.978,1.36,2.124
312,1.682,3.071,2.726,0.542,0.866,0.826,-0.127,12.675,12.544,0.183,14.362,14.181,2.98,3.212,3.524,0.982,0.978,1.536,2.195
313,1.681,3.068,2.723,0.541,0.866,0.826,-0.139,12.658,12.527,0.17,14.34,14.16,2.98,3.212,3.524,0.982,0.978,1.552,2.27
314,1.681,3.068,2.722,0.541,0.866,0.826,-0.127,12.663,12.531,0.182,14.344,14.163,2.98,3.212,3.523,0.982,0.978,1.536,2.335
315,1.679,3.066,2.72,0.541,0.866,0.826,-0.144,12.655,12.523,0.166,14.334,14.152,2.977,3.21,3.522,0.982,0.978,1.554,2.344
316,1.679,3.065,2.72,0.541,0.866,0.826,-0.127,12.652,12.52,0.182,14.325,14.143,2.974,3.209,3.521,0.982,0.978,1.537,2.317
317,1.68,3.067,2.72,0.542,0.866,0.826,-0.108,12.653,12.521,0.201,14.325,14.143,2.973,3.209,3.521,0.982,0.978,1.521,2.312
318,1.678,3.064,2.719,0.541,0.866,0.826,-0.127,12.648,12.515,0.182,14.315,14.133,2.972,3.209,3.522,0.981,0.978,1.53,2.339
319,1.678,3.065,2.718,0.541,0.866,0.826,-0.139,12.64,12.507,0.172,14.306,14.123,2.974,3.209,3.522,0.982,0.978,1.514,2.313
320,1.677,3.065,2.718,0.542,0.866,0.826,-0.123,12.641,12.508,0.189,14.306,14.124,2.975,3.209,3.522,0.982,0.978,1.523,2.339
321,1.676,3.064,2.717,0.542,0.866,0.827,-0.129,12.639,12.505,0.182,14.304,14.119,2.973,3.21,3.523,0.982,0.978,1.535,2.342
322,1.676,3.065,2.717,0.542,0.866,0.826,-0.123,12.648,12.512,0.188,14.309,14.122,2.972,3.209,3.524,0.982,0.978,1.519,2.316
323,1.675,3.066,2.718,0.542,0.867,0.827,-0.137,12.648,12.51,0.176,14.307,14.119,2.97,3.21,3.526,0.982,0.978,1.502,2.291
324,1.675,3.063,2.715,0.542,0.867,0.827,-0.122,12.643,12.506,0.19,14.301,14.113,2.969,3.21,3.526,0.982,0.978,1.53,2.309
325,1.675,3.063,2.715,0.542,0.867,0.827,-0.129,12.647,12.51,0.183,14.301,14.114,2.97,3.21,3.527,0.982,0.978,1.514,2.284
326,1.674,3.064,2.716,0.542,0.867,0.827,-0.122,12.647,12.51,0.189,14.307,14.12,2.971,3.21,3.527,0.982,0.978,1.498,2.259
327,1.673,3.06,2.712,0.542,0.867,0.827,-0.141,12.633,12.496,0.172,14.289,14.102,2.969,3.21,3.529,0.982,0.978,1.539,2.31
328,1.673,3.06,2.712,0.542,0.867,0.827,-0.121,12.617,12.481,0.191,14.282,14.095,2.966,3.21,3.528,0.982,0.978,1.523,2.285
329,1.672,3.058,2.711,0.542,0.867,0.827,-0.128,12.612,12.475,0.185,14.275,14.088,2.965,3.21,3.528,0.982,0.978,1.558,2.26
330,1.672,3.06,2.712,0.542,0.867,0.827,-0.121,12.616,12.478,0.191,14.274,14.087,2.964,3.21,3.527,0.982,0.978,1.542,2.26
331,1.673,3.062,2.714,0.543,0.867,0.827,-0.1,12.616,12.478,0.212,14.275,14.086,2.963,3.209,3.526,0.982,0.978,1.526,2.236
332,1.672,3.06,2.712,0.542,0.867,0.827,-0.121,12.617,12.479,0.192,14.273,14.085,2.962,3.209,3.527,0.982,0.978,1.537,2.375
333,1.671,3.06,2.713,0.542,0.867,0.828,-0.126,12.619,12.481,0.188,14.273,14.084,2.961,3.209,3.528,0.982,0.978,1.521,2.35
334,1.671,3.061,2.713,0.542,0.867,0.828,-0.122,12.624,12.485,0.192,14.276,14.087,2.96,3.209,3.528,0.982,0.978,1.505,2.326
335,1.67,3.06,2.713,0.542,0.867,0.828,-0.128,12.627,12.488,0.186,14.275,14.086,2.958,3.209,3.527,0.982,0.978,1.49,2.316
336,1.669,3.06,2.712,0.542,0.867,0.828,-0.122,12.631,12.492,0.191,14.274,14.085,2.955,3.209,3.527,0.982,0.978,1.474,2.291
337,1.669,3.06,2.714,0.542,0.867,0.828,-0.123,12.635,12.495,0.189,14.276,14.086,2.955,3.209,3.528,0.982,0.978,1.518,2.312
338,1.668,3.059,2.712,0.542,0.867,0.828,-0.122,12.627,12.487,0.19,14.265,14.074,2.954,3.209,3.526,0.982,0.978,1.555,2.374
339,1.668,3.06,2.713,0.542,0.867,0.828,-0.115,12.631,12.49,0.197,14.266,14.074,2.953,3.209,3.527,0.982,0.978,1.539,2.35
340,1.667,3.059,2.712,0.542,0.867,0.828,-0.122,12.625,12.483,0.19,14.257,14.064,2.953,3.208,3.526,0.982,0.978,1.572,2.391
341,1.667,3.061,2.713,0.542,0.867,0.828,-0.129,12.629,12.486,0.183,14.263,14.069,2.954,3.209,3.528,0.982,0.978,1.557,2.366
342,1.666,3.06,2.712,0.542,0.867,0.828,-0.122,12.623,12.48,0.19,14.273,14.079,2.954,3.208,3.528,0.982,0.978,1.562,2.363
343,1.666,3.061,2.712,0.542,0.868,0.828,-0.121,12.624,12.481,0.19,14.273,14.078,2.954,3.209,3.528,0.982,0.978,1.547,2.339
344,1.665,3.061,2.712,0.542,0.868,0.828,-0.122,12.626,12.484,0.189,14.272,14.078,2.953,3.21,3.528,0.982,0.978,1.57,2.353
345,1.665,3.062,2.711,0.542,0.868,0.828,-0.124,12.631,12.486,0.187,14.279,14.082,2.953,3.21,3.529,0.982,0.978,1.555,2.329
346,1.665,3.062,2.71,0.542,0.868,0.829,-0.122,12.631,12.487,0.188,14.287,14.09,2.954,3.211,3.531,0.982,0.978,1.539,2.305
347,1.665,3.063,2.712,0.542,0.868,0.829,-0.128,12.63,12.486,0.183,14.284,14.087,2.954,3.211,3.532,0.982,0.978,1.524,2.282
348,1.664,3.062,2.711,0.543,0.868,0.829,-0.123,12.637,12.492,0.187,14.292,14.095,2.955,3.211,3.531,0.982,0.978,1.509,2.258
349,1.664,3.061,2.71,0.543,0.868,0.829,-0.132,12.63,12.486,0.178,14.285,14.088,2.956,3.211,3.532,0.982,0.978,1.609,2.349
350,1.664,3.062,2.711,0.543,0.869,0.829,-0.124,12.648,12.501,0.186,14.298,14.098,2.956,3.212,3.532,0.982,0.978,1.593,2.345
351,1.664,3.061,2.711,0.543,0.869,0.83,-0.125,12.639,12.491,0.185,14.286,14.086,2.956,3.212,3.532,0.982,0.978,1.578,2.321
352,1.663,3.061,2.709,0.543,0.869,0.829,-0.124,12.644,12.496,0.186,14.288,14.088,2.956,3.212,3.533,0.982,0.978,1.603,2.379
353,1.663,3.062,2.711,0.543,0.869,0.83,-0.117,12.641,12.493,0.193,14.285,14.084,2.954,3.211,3.531,0.982,0.978,1.635,2.402
354,1.663,3.061,2.71,0.543,0.869,0.83,-0.124,12.641,12.493,0.186,14.283,14.082,2.951,3.211,3.532,0.982,0.978,1.62,2.379
355,1.664,3.06,2.71,0.544,0.869,0.83,-0.111,12.632,12.484,0.198,14.271,14.072,2.953,3.21,3.531,0.982,0.978,1.619,2.396
356,1.663,3.058,2.708,0.544,0.869,0.83,-0.124,12.624,12.477,0.186,14.262,14.063,2.954,3.211,3.532,0.982,0.978,1.645,2.383
357,1.663,3.057,2.708,0.544,0.869,0.83,-0.129,12.626,12.477,0.18,14.261,14.06,2.955,3.211,3.533,0.982,0.978,1.63,2.36
358,1.663,3.056,2.707,0.544,0.869,0.83,-0.123,12.613,12.465,0.185,14.263,14.062,2.957,3.212,3.535,0.982,0.978,1.626,2.358
359,1.661,3.057,2.707,0.544,0.869,0.83,-0.148,12.615,12.467,0.161,14.263,14.063,2.957,3.212,3.536,0.982,0.978,1.611,2.335
360,1.663,3.055,2.706,0.545,0.869,0.83,-0.124,12.602,12.454,0.184,14.259,14.059,2.957,3.21,3.534,0.982,0.978,1.596,2.34
361,1.662,3.054,2.705,0.544,0.869,0.83,-0.146,12.594,12.447,0.163,14.248,14.048,2.958,3.209,3.532,0.982,0.978,1.581,2.342
362,1.662,3.055,2.706,0.545,0.869,0.83,-0.124,12.59,12.443,0.185,14.248,14.048,2.96,3.209,3.533,0.982,0.978,1.566,2.319
363,1.662,3.054,2.703,0.545,0.869,0.83,-0.135,12.587,12.44,0.174,14.246,14.046,2.96,3.21,3.534,0.982,0.978,1.57,2.315
364,1.662,3.056,2.703,0.545,0.869,0.83,-0.124,12.594,12.446,0.184,14.25,14.049,2.96,3.209,3.533,0.982,0.978,1.578,2.315
365,1.661,3.054,2.701,0.545,0.869,0.83,-0.128,12.595,12.446,0.18,14.25,14.048,2.959,3.21,3.534,0.982,0.978,1.564,2.292
366,1.661,3.052,2.699,0.545,0.869,0.83,-0.124,12.591,12.442,0.184,14.242,14.041,2.958,3.211,3.536,0.982,0.978,1.566,2.287
367,1.661,3.054,2.7,0.544,0.869,0.83,-0.13,12.594,12.445,0.177,14.245,14.042,2.958,3.21,3.536,0.982,0.978,1.552,2.264
368,1.661,3.054,2.7,0.545,0.87,0.83,-0.124,12.598,12.448,0.183,14.254,14.051,2.958,3.211,3.536,0.982,0.978,1.537,2.242
369,1.661,3.056,2.7,0.545,0.87,0.831,-0.115,12.603,12.452,0.192,14.26,14.056,2.957,3.211,3.536,0.982,0.978,1.523,2.241
370,1.661,3.054,2.7,0.544,0.87,0.831,-0.124,12.599,12.448,0.183,14.258,14.054,2.957,3.211,3.538,0.982,0.978,1.509,2.219
371,1.661,3.056,2.7,0.545,0.87,0.831,-0.115,12.604,12.453,0.192,14.262,14.057,2.957,3.211,3.538,0.982,0.978,1.517,2.197
372,1.66,3.053,2.697,0.544,0.87,0.83,-0.125,12.584,12.433,0.182,14.237,14.032,2.957,3.211,3.539,0.982,0.978,1.521,2.193
373,1.66,3.055,2.698,0.544,0.87,0.83,-0.123,12.588,12.437,0.184,14.239,14.035,2.956,3.211,3.539,0.982,0.978,1.507,2.171
374,1.66,3.056,2.699,0.544,0.87,0.83,-0.125,12.594,12.442,0.182,14.243,14.038,2.956,3.212,3.54,0.982,0.978,1.508,2.164
375,1.659,3.056,2.698,0.544,0.87,0.83,-0.135,12.595,12.443,0.171,14.244,14.039,2.955,3.212,3.54,0.982,0.978,1.493,2.143
376,1.659,3.056,2.698,0.544,0.87,0.83,-0.124,12.604,12.452,0.181,14.252,14.047,2.953,3.212,3.54,0.982,0.978,1.497,2.164
377,1.662,3.058,2.698,0.544,0.87,0.83,-0.113,12.614,12.458,0.192,14.267,14.058,2.954,3.212,3.54,0.982,0.978,1.483,2.249
378,1.662,3.058,2.699,0.544,0.87,0.83,-0.124,12.626,12.471,0.181,14.279,14.071,2.954,3.212,3.54,0.982,0.978,1.469,2.492
379,1.662,3.056,2.696,0.544,0.87,0.83,-0.135,12.613,12.458,0.171,14.264,14.056,2.954,3.212,3.542,0.982,0.978,1.477,2.513
380,1.663,3.056,2.698,0.544,0.87,0.83,-0.124,12.618,12.463,0.182,14.27,14.062,2.953,3.213,3.543,0.982,0.978,1.607,2.611
381,1.662,3.057,2.698,0.544,0.87,0.83,-0.122,12.619,12.463,0.183,14.27,14.061,2.952,3.212,3.542,0.982,0.978,1.593,2.588
382,1.661,3.056,2.698,0.544,0.87,0.831,-0.124,12.615,12.46,0.181,14.265,14.057,2.951,3.212,3.541,0.982,0.978,1.579,2.59
383,1.662,3.058,2.698,0.544,0.87,0.83,-0.113,12.624,12.468,0.192,14.274,14.065,2.952,3.211,3.541,0.982,0.978,1.565,2.568
384,1.661,3.056,2.697,0.544,0.87,0.83,-0.124,12.616,12.456,0.181,14.268,14.054,2.952,3.211,3.541,0.982,0.978,1.551,2.545
385,1.662,3.057,2.696,0.544,0.87,0.83,-0.11,12.615,12.455,0.195,14.272,14.057,2.952,3.211,3.54,0.982,0.978,1.537,2.523
386,1.66,3.057,2.696,0.543,0.87,0.831,-0.125,12.614,12.453,0.181,14.272,14.056,2.952,3.211,3.54,0.982,0.978,1.524,2.502
387,1.66,3.058,2.696,0.544,0.87,0.831,-0.127,12.612,12.451,0.179,14.272,14.057,2.952,3.21,3.539,0.982,0.978,1.51,2.48
388,1.659,3.057,2.696,0.543,0.87,0.831,-0.125,12.614,12.454,0.18,14.278,14.062,2.951,3.21,3.538,0.982,0.978,1.496,2.458
389,1.659,3.057,2.694,0.543,0.87,0.83,-0.139,12.616,12.455,0.167,14.279,14.063,2.951,3.211,3.539,0.982,0.978,1.553,2.507
390,1.66,3.056,2.694,0.543,0.87,0.83,-0.125,12.602,12.441,0.181,14.266,14.05,2.951,3.208,3.537,0.982,0.978,1.54,2.503
391,1.659,3.056,2.692,0.543,0.869,0.83,-0.142,12.601,12.44,0.163,14.263,14.047,2.951,3.208,3.538,0.982,0.978,1.549,2.505
392,1.66,3.057,2.693,0.543,0.87,0.83,-0.124,12.603,12.443,0.182,14.264,14.049,2.951,3.208,3.537,0.982,0.978,1.536,2.505
393,1.661,3.057,2.691,0.543,0.869,0.83,-0.122,12.607,12.447,0.183,14.266,14.051,2.952,3.209,3.538,0.982,0.978,1.522,2.483
394,1.662,3.057,2.692,0.543,0.869,0.829,-0.124,12.607,12.446,0.181,14.264,14.049,2.952,3.21,3.539,0.982,0.978,1.509,2.462
395,1.663,3.058,2.693,0.543,0.869,0.83,-0.104,12.608,12.448,0.201,14.264,14.049,2.952,3.209,3.538,0.982,0.978,1.496,2.441
396,1.662,3.057,2.693,0.543,0.869,0.83,-0.123,12.605,12.445,0.182,14.257,14.044,2.953,3.209,3.538,0.982,0.978,1.482,2.476
397,1.662,3.057,2.692,0.543,0.869,0.83,-0.129,12.604,12.444,0.176,14.254,14.041,2.952,3.207,3.536,0.982,0.978,1.469,2.454
398,1.663,3.055,2.69,0.543,0.869,0.829,-0.123,12.604,12.444,0.182,14.254,14.04,2.951,3.207,3.537,0.982,0.978,1.456,2.433
399,1.662,3.056,2.689,0.542,0.869,0.829,-0.129,12.607,12.448,0.176,14.26,14.047,2.951,3.207,3.537,0.982,0.978,1.443,2.412
400,1.662,3.056,2.689,0.542,0.869,0.829,-0.123,12.611,12.451,0.182,14.267,14.054,2.951,3.207,3.538,0.981,0.978,1.43,2.392
401,1.661,3.056,2.688,0.542,0.868,0.829,-0.146,12.612,12.453,0.162,14.27,14.056,2.951,3.205,3.537,0.981,0.978,1.417,2.371
402,1.661,3.056,2.689,0.542,0.869,0.829,-0.124,12.615,12.456,0.184,14.279,14.066,2.951,3.205,3.538,0.981,0.978,1.404,2.35
403,1.661,3.054,2.687,0.542,0.868,0.829,-0.135,12.59,12.431,0.173,14.251,14.038,2.951,3.205,3.538,0.981,0.977,1.419,2.385
404,1.661,3.055,2.687,0.542,0.868,0.829,-0.124,12.598,12.438,0.184,14.258,14.045,2.95,3.206,3.538,0.981,0.977,1.406,2.364
405,1.662,3.054,2.685,0.543,0.868,0.828,-0.109,12.593,12.434,0.199,14.251,14.037,2.95,3.205,3.538,0.981,0.978,1.44,2.39
406,1.661,3.051,2.683,0.542,0.868,0.828,-0.124,12.577,12.418,0.185,14.23,14.018,2.951,3.204,3.536,0.981,0.978,1.47,2.485
407,1.661,3.053,2.685,0.542,0.868,0.828,-0.127,12.577,12.418,0.181,14.234,14.021,2.951,3.205,3.536,0.981,0.978,1.485,2.492
408,1.66,3.054,2.686,0.542,0.868,0.828,-0.124,12.581,12.423,0.185,14.248,14.035,2.952,3.205,3.536,0.981,0.977,1.497,2.471
409,1.659,3.055,2.686,0.542,0.868,0.828,-0.132,12.584,12.423,0.176,14.253,14.038,2.953,3.205,3.538,0.981,0.977,1.484,2.468
410,1.659,3.055,2.687,0.542,0.868,0.828,-0.123,12.584,12.424,0.185,14.261,14.046,2.954,3.206,3.538,0.981,0.978,1.471,2.448
411,1.659,3.057,2.686,0.542,0.868,0.828,-0.123,12.583,12.422,0.185,14.261,14.045,2.952,3.206,3.539,0.981,0.978,1.47,2.439
412,1.659,3.057,2.687,0.542,0.868,0.828,-0.123,12.583,12.422,0.185,14.263,14.047,2.951,3.206,3.54,0.981,0.977,1.457,2.419
413,1.658,3.058,2.687,0.541,0.868,0.828,-0.136,12.585,12.424,0.172,14.264,14.048,2.951,3.207,3.541,0.981,0.977,1.445,2.398
414,1.658,3.059,2.687,0.541,0.868,0.828,-0.123,12.589,12.428,0.185,14.265,14.048,2.95,3.207,3.541,0.981,0.978,1.432,2.378
415,1.658,3.06,2.687,0.541,0.868,0.828,-0.133,12.591,12.43,0.175,14.266,14.05,2.95,3.208,3.542,0.981,0.978,1.456,2.382
416,1.657,3.061,2.69,0.541,0.869,0.829,-0.123,12.591,12.43,0.185,14.271,14.055,2.949,3.208,3.541,0.981,0.978,1.443,2.362
417,1.657,3.061,2.69,0.541,0.869,0.829,-0.125,12.592,12.431,0.183,14.271,14.055,2.948,3.208,3.541,0.981,0.978,1.455,2.354
418,1.657,3.061,2.69,0.541,0.869,0.829,-0.123,12.588,12.427,0.185,14.263,14.048,2.948,3.208,3.541,0.981,0.978,1.442,2.335
419,1.658,3.062,2.69,0.541,0.869,0.829,-0.123,12.594,12.432,0.184,14.273,14.056,2.949,3.209,3.542,0.981,0.978,1.442,2.315
420,1.659,3.063,2.691,0.541,0.868,0.828,-0.123,12.592,12.431,0.184,14.278,14.061,2.95,3.209,3.542,0.981,0.978,1.429,2.295
421,1.659,3.064,2.691,0.541,0.868,0.828,-0.122,12.593,12.431,0.185,14.279,14.062,2.95,3.208,3.542,0.982,0.978,1.417,2.286
422,1.658,3.064,2.691,0.541,0.868,0.829,-0.123,12.594,12.433,0.183,14.277,14.06,2.95,3.206,3.54,0.981,0.978,1.414,2.276
423,1.658,3.065,2.691,0.541,0.868,0.829,-0.129,12.594,12.432,0.178,14.274,14.057,2.949,3.205,3.54,0.981,0.978,1.432,2.286
424,1.658,3.064,2.69,0.541,0.868,0.828,-0.123,12.592,12.43,0.183,14.275,14.058,2.949,3.206,3.54,0.981,0.977,1.441,2.288
425,1.658,3.065,2.691,0.541,0.868,0.828,-0.115,12.595,12.433,0.191,14.282,14.064,2.949,3.206,3.54,0.981,0.978,1.476,2.316
426,1.657,3.063,2.691,0.541,0.868,0.828,-0.123,12.598,12.436,0.183,14.285,14.068,2.95,3.206,3.541,0.981,0.977,1.506,2.297
427,1.657,3.062,2.689,0.541,0.868,0.828,-0.126,12.59,12.428,0.18,14.275,14.058,2.95,3.204,3.54,0.981,0.978,1.567,2.365
428,1.657,3.061,2.688,0.54,0.868,0.828,-0.123,12.581,12.42,0.183,14.276,14.059,2.949,3.204,3.54,0.981,0.978,1.605,2.413
429,1.656,3.062,2.689,0.541,0.868,0.828,-0.125,12.582,12.42,0.181,14.277,14.06,2.948,3.204,3.54,0.981,0.977,1.592,2.393
430,1.656,3.062,2.688,0.54,0.868,0.828,-0.123,12.577,12.416,0.183,14.277,14.061,2.947,3.203,3.54,0.981,0.978,1.677,2.471
431,1.656,3.062,2.688,0.541,0.868,0.828,-0.106,12.578,12.417,0.2,14.283,14.067,2.947,3.204,3.54,0.981,0.978,1.664,2.461
432,1.655,3.063,2.688,0.54,0.868,0.828,-0.124,12.577,12.415,0.183,14.28,14.063,2.948,3.203,3.54,0.981,0.978,1.652,2.442
433,1.654,3.062,2.688,0.54,0.868,0.828,-0.117,12.579,12.418,0.189,14.286,14.07,2.948,3.203,3.54,0.981,0.978,1.685,2.469
434,1.655,3.063,2.688,0.54,0.868,0.828,-0.123,12.581,12.419,0.184,14.286,14.07,2.949,3.204,3.539,0.981,0.978,1.673,2.449
435,1.655,3.063,2.689,0.541,0.868,0.828,-0.122,12.582,12.42,0.185,14.289,14.072,2.948,3.204,3.539,0.981,0.978,1.696,2.465
436,1.654,3.062,2.688,0.541,0.868,0.828,-0.124,12.576,12.414,0.183,14.285,14.069,2.948,3.204,3.539,0.981,0.978,1.683,2.446
437,1.654,3.062,2.688,0.541,0.868,0.828,-0.127,12.577,12.416,0.18,14.293,14.077,2.948,3.204,3.54,0.981,0.978,1.671,2.427
438,1.654,3.064,2.689,0.541,0.869,0.829,-0.124,12.59,12.428,0.183,14.303,14.086,2.947,3.203,3.537,0.981,0.978,1.658,2.408
439,1.654,3.064,2.69,0.541,0.869,0.829,-0.125,12.59,12.428,0.182,14.308,14.091,2.947,3.203,3.537,0.981,0.978,1.662,2.405
440,1.654,3.062,2.688,0.541,0.869,0.829,-0.125,12.584,12.423,0.183,14.301,14.085,2.946,3.202,3.535,0.981,0.978,1.65,2.386
441,1.654,3.063,2.69,0.541,0.869,0.829,-0.118,12.585,12.424,0.189,14.307,14.091,2.945,3.203,3.536,0.982,0.978,1.638,2.367
442,1.654,3.063,2.689,0.541,0.869,0.829,-0.125,12.582,12.421,0.182,14.3,14.084,2.944,3.203,3.536,0.981,0.978,1.626,2.36
443,1.655,3.061,2.689,0.542,0.869,0.829,-0.106,12.58,12.419,0.201,14.298,14.082,2.946,3.203,3.536,0.981,0.978,1.613,2.341
444,1.654,3.061,2.688,0.541,0.869,0.829,-0.124,12.577,12.416,0.182,14.294,14.079,2.947,3.203,3.537,0.981,0.978,1.601,2.323
445,1.655,3.061,2.689,0.542,0.869,0.829,-0.118,12.578,12.417,0.189,14.299,14.083,2.946,3.203,3.537,0.982,0.978,1.589,2.304
446,1.654,3.06,2.687,0.541,0.869,0.829,-0.125,12.579,12.419,0.182,14.301,14.086,2.946,3.203,3.537,0.982,0.978,1.592,2.3
447,1.654,3.06,2.688,0.542,0.869,0.829,-0.113,12.577,12.417,0.193,14.3,14.085,2.945,3.203,3.536,0.982,0.978,1.58,2.282
448,1.654,3.059,2.689,0.541,0.87,0.83,-0.124,12.575,12.416,0.183,14.295,14.081,2.945,3.203,3.536,0.981,0.977,1.569,2.264
449,1.654,3.06,2.69,0.542,0.87,0.83,-0.115,12.58,12.421,0.192,14.305,14.09,2.945,3.203,3.537,0.981,0.977,1.557,2.255
450,1.654,3.061,2.69,0.541,0.87,0.83,-0.124,12.577,12.417,0.183,14.308,14.093,2.945,3.203,3.538,0.981,0.978,1.557,2.249
451,1.653,3.061,2.691,0.541,0.87,0.83,-0.124,12.58,12.42,0.182,14.313,14.098,2.947,3.204,3.538,0.981,0.978,1.545,2.231
452,1.653,3.061,2.69,0.541,0.87,0.83,-0.124,12.579,12.42,0.183,14.311,14.096,2.949,3.204,3.539,0.981,0.978,1.565,2.213
453,1.653,3.061,2.69,0.541,0.87,0.83,-0.126,12.577,12.418,0.18,14.309,14.095,2.95,3.205,3.539,0.981,0.978,1.554,2.195
454,1.653,3.061,2.691,0.541,0.87,0.83,-0.123,12.576,12.417,0.183,14.306,14.092,2.952,3.204,3.539,0.981,0.978,1.542,2.177
455,1.654,3.06,2.69,0.542,0.87,0.83,-0.11,12.58,12.421,0.196,14.314,14.101,2.952,3.204,3.539,0.981,0.978,1.53,2.159
456,1.653,3.061,2.69,0.541,0.87,0.83,-0.123,12.575,12.417,0.183,14.307,14.094,2.952,3.203,3.537,0.981,0.978,1.533,2.156
457,1.654,3.062,2.691,0.541,0.87,0.831,-0.116,12.577,12.418,0.191,14.314,14.1,2.952,3.202,3.537,0.981,0.978,1.522,2.138
458,1.653,3.061,2.691,0.541,0.87,0.83,-0.125,12.568,12.41,0.183,14.31,14.097,2.951,3.202,3.537,0.981,0.978,1.51,2.183
459,1.653,3.06,2.691,0.541,0.87,0.831,-0.124,12.569,12.411,0.184,14.316,14.103,2.952,3.202,3.538,0.982,0.978,1.499,2.176
460,1.652,3.062,2.691,0.541,0.87,0.831,-0.124,12.573,12.414,0.183,14.32,14.105,2.953,3.202,3.538,0.982,0.978,1.487,2.178
461,1.653,3.062,2.692,0.541,0.871,0.831,-0.117,12.574,12.416,0.19,14.326,14.112,2.954,3.203,3.538,0.982,0.978,1.476,2.16
462,1.653,3.062,2.692,0.541,0.871,0.831,-0.124,12.568,12.41,0.183,14.326,14.113,2.954,3.203,3.539,0.981,0.978,1.465,2.143
463,1.653,3.062,2.693,0.541,0.871,0.831,-0.122,12.57,12.412,0.185,14.331,14.118,2.954,3.203,3.54,0.982,0.978,1.453,2.125
464,1.652,3.062,2.694,0.541,0.871,0.831,-0.125,12.574,12.416,0.182,14.335,14.122,2.954,3.204,3.54,0.982,0.978,1.442,2.116
465,1.652,3.063,2.695,0.541,0.871,0.831,-0.126,12.575,12.417,0.181,14.342,14.129,2.954,3.205,3.541,0.982,0.978,1.431,2.099
466,1.651,3.061,2.694,0.541,0.871,0.832,-0.125,12.572,12.414,0.182,14.338,14.125,2.955,3.205,3.542,0.982,0.978,1.433,2.109
467,1.65,3.061,2.694,0.541,0.871,0.832,-0.122,12.573,12.416,0.185,14.342,14.13,2.953,3.205,3.542,0.982,0.978,1.422,2.092
468,1.651,3.061,2.694,0.541,0.871,0.832,-0.125,12.57,12.414,0.182,14.336,14.123,2.951,3.204,3.542,0.982,0.978,1.442,2.09
469,1.65,3.061,2.695,0.541,0.871,0.832,-0.121,12.572,12.415,0.186,14.345,14.133,2.952,3.204,3.543,0.982,0.978,1.431,2.073
470,1.649,3.062,2.695,0.541,0.871,0.832,-0.125,12.574,12.417,0.182,14.352,14.14,2.953,3.205,3.543,0.982,0.978,1.443,2.079
471,1.648,3.061,2.694,0.541,0.872,0.832,-0.133,12.574,12.417,0.174,14.353,14.141,2.954,3.204,3.544,0.982,0.978,1.479,2.133
472,1.649,3.062,2.695,0.541,0.872,0.832,-0.125,12.579,12.422,0.182,14.356,14.143,2.956,3.205,3.544,0.982,0.978,1.468,2.116
473,1.648,3.063,2.696,0.541,0.872,0.832,-0.133,12.581,12.424,0.174,14.361,14.149,2.956,3.205,3.545,0.982,0.978,1.457,2.099
474,1.648,3.063,2.695,0.541,0.872,0.832,-0.125,12.586,12.429,0.182,14.372,14.158,2.956,3.205,3.545,0.982,0.978,1.446,2.103
475,1.648,3.064,2.696,0.541,0.872,0.832,-0.12,12.587,12.43,0.187,14.377,14.163,2.956,3.206,3.544,0.982,0.978,1.435,2.086
476,1.648,3.063,2.695,0.541,0.872,0.832,-0.125,12.583,12.426,0.182,14.374,14.161,2.957,3.206,3.545,0.981,0.977,1.425,2.069
477,1.647,3.063,2.696,0.541,0.872,0.832,-0.125,12.583,12.427,0.181,14.376,14.163,2.955,3.206,3.546,0.981,0.977,1.431,2.07
478,1.647,3.065,2.695,0.541,0.872,0.832,-0.125,12.586,12.427,0.182,14.376,14.161,2.954,3.206,3.545,0.981,0.977,1.42,2.11
479,1.647,3.065,2.696,0.541,0.872,0.832,-0.125,12.587,12.428,0.181,14.38,14.165,2.954,3.206,3.544,0.981,0.977,1.41,2.093
480,1.646,3.065,2.696,0.541,0.872,0.833,-0.125,12.592,12.434,0.181,14.382,14.167,2.954,3.205,3.543,0.981,0.977,1.399,2.077
481,1.647,3.065,2.696,0.541,0.872,0.833,-0.125,12.589,12.43,0.181,14.377,14.161,2.955,3.205,3.544,0.981,0.977,1.427,2.099
482,1.646,3.065,2.696,0.541,0.872,0.833,-0.125,12.595,12.436,0.181,14.383,14.168,2.955,3.206,3.545,0.981,0.977,1.416,2.1
483,1.646,3.065,2.697,0.541,0.872,0.833,-0.113,12.597,12.438,0.193,14.384,14.169,2.956,3.206,3.545,0.981,0.977,1.406,2.096
484,1.646,3.064,2.697,0.541,0.872,0.833,-0.125,12.593,12.435,0.181,14.378,14.163,2.956,3.206,3.545,0.981,0.977,1.395,2.095
485,1.645,3.064,2.698,0.541,0.873,0.833,-0.112,12.596,12.438,0.193,14.386,14.172,2.956,3.206,3.545,0.981,0.977,1.384,2.079
486,1.645,3.065,2.698,0.541,0.873,0.833,-0.125,12.597,12.438,0.18,14.387,14.172,2.956,3.205,3.545,0.981,0.977,1.383,2.072
487,1.645,3.066,2.7,0.541,0.873,0.833,-0.123,12.6,12.441,0.182,14.394,14.179,2.957,3.206,3.545,0.981,0.977,1.373,2.07
488,1.645,3.066,2.7,0.541,0.873,0.833,-0.126,12.586,12.427,0.18,14.384,14.169,2.957,3.205,3.546,0.981,0.978,1.362,2.053
489,1.644,3.065,2.7,0.541,0.873,0.833,-0.132,12.584,12.426,0.173,14.385,14.17,2.957,3.206,3.546,0.981,0.978,1.367,2.053
490,1.644,3.067,2.702,0.541,0.873,0.833,-0.126,12.59,12.431,0.179,14.387,14.172,2.958,3.206,3.546,0.981,0.978,1.357,2.037
491,1.645,3.066,2.702,0.541,0.873,0.833,-0.119,12.591,12.432,0.185,14.388,14.173,2.958,3.206,3.545,0.982,0.978,1.353,2.027
492,1.644,3.066,2.701,0.541,0.873,0.834,-0.126,12.586,12.428,0.179,14.384,14.169,2.959,3.206,3.545,0.982,0.978,1.342,2.02
493,1.645,3.065,2.701,0.541,0.873,0.833,-0.105,12.589,12.43,0.199,14.387,14.172,2.959,3.205,3.544,0.982,0.978,1.346,2.018
494,1.644,3.064,2.7,0.541,0.873,0.833,-0.126,12.589,12.429,0.18,14.384,14.168,2.959,3.205,3.544,0.982,0.978,1.355,2.021
495,1.644,3.061,2.698,0.541,0.873,0.833,-0.127,12.578,12.418,0.179,14.37,14.154,2.96,3.205,3.545,0.982,0.978,1.412,2.083
496,1.644,3.062,2.697,0.541,0.872,0.833,-0.126,12.57,12.41,0.18,14.361,14.145,2.96,3.205,3.544,0.982,0.978,1.401,2.096
497,1.644,3.061,2.697,0.541,0.873,0.833,-0.131,12.567,12.407,0.174,14.36,14.145,2.959,3.205,3.545,0.982,0.978,1.391,2.09
498,1.644,3.061,2.696,0.541,0.873,0.833,-0.126,12.569,12.409,0.179,14.365,14.15,2.959,3.206,3.546,0.982,0.978,1.393,2.099
499,1.643,3.061,2.697,0.541,0.873,0.833,-0.127,12.566,12.406,0.178,14.364,14.149,2.959,3.206,3.546,0.982,0.978,1.383,2.103
500,1.643,3.062,2.698,0.541,0.873,0.833,-0.126,12.565,12.406,0.179,14.368,14.153,2.959,3.205,3.547,0.982,0.978,1.382,2.097
501,1.643,3.061,2.697,0.541,0.873,0.833,-0.129,12.56,12.401,0.176,14.362,14.147,2.959,3.206,3.547,0.982,0.978,1.422,2.116
502,1.643,3.06,2.696,0.541,0.873,0.833,-0.126,12.551,12.392,0.179,14.356,14.142,2.959,3.205,3.547,0.982,0.978,1.412,2.11
503,1.643,3.06,2.695,0.541,0.873,0.833,-0.123,12.552,12.393,0.182,14.361,14.146,2.96,3.206,3.547,0.982,0.978,1.461,2.173
504,1.643,3.06,2.695,0.541,0.873,0.833,-0.126,12.552,12.394,0.179,14.366,14.151,2.961,3.206,3.548,0.982,0.978,1.471,2.177
505,1.642,3.06,2.696,0.541,0.873,0.833,-0.124,12.552,12.393,0.181,14.368,14.152,2.96,3.206,3.549,0.982,0.978,1.498,2.18
506,1.642,3.061,2.696,0.541,0.873,0.833,-0.126,12.555,12.396,0.179,14.368,14.152,2.96,3.207,3.549,0.982,0.978,1.488,2.173
507,1.641,3.06,2.696,0.541,0.873,0.833,-0.123,12.557,12.398,0.182,14.372,14.156,2.96,3.206,3.549,0.982,0.978,1.477,2.183
508,1.641,3.061,2.697,0.54,0.873,0.833,-0.126,12.555,12.395,0.178,14.37,14.155,2.961,3.206,3.548,0.982,0.978,1.467,2.167
509,1.64,3.06,2.697,0.54,0.873,0.833,-0.124,12.555,12.396,0.181,14.37,14.155,2.962,3.206,3.548,0.982,0.978,1.457,2.173
510,1.64,3.061,2.697,0.54,0.873,0.834,-0.126,12.549,12.39,0.179,14.364,14.149,2.962,3.205,3.548,0.982,0.978,1.447,2.157
511,1.64,3.062,2.698,0.54,0.874,0.834,-0.126,12.551,12.392,0.178,14.368,14.153,2.961,3.205,3.548,0.982,0.978,1.436,2.141
512,1.64,3.062,2.698,0.54,0.874,0.834,-0.126,12.556,12.398,0.178,14.373,14.158,2.961,3.205,3.547,0.982,0.978,1.426,2.125
513,1.639,3.061,2.698,0.54,0.874,0.834,-0.138,12.552,12.394,0.166,14.368,14.153,2.961,3.205,3.547,0.982,0.978,1.465,2.146
514,1.639,3.061,2.697,0.54,0.874,0.834,-0.127,12.553,12.395,0.178,14.371,14.157,2.961,3.205,3.547,0.982,0.978,1.455,2.131
515,1.639,3.06,2.696,0.54,0.874,0.834,-0.122,12.548,12.39,0.182,14.369,14.155,2.962,3.205,3.547,0.982,0.978,1.481,2.151
516,1.639,3.06,2.696,0.54,0.874,0.834,-0.126,12.544,12.386,0.178,14.362,14.148,2.962,3.204,3.546,0.982,0.978,1.471,2.147
517,1.639,3.06,2.696,0.54,0.874,0.834,-0.119,12.547,12.389,0.185,14.366,14.152,2.962,3.204,3.546,0.982,0.978,1.461,2.131
518,1.639,3.059,2.696,0.54,0.874,0.834,-0.127,12.548,12.39,0.178,14.367,14.153,2.963,3.204,3.546,0.982,0.978,1.451,2.133
519,1.638,3.059,2.695,0.54,0.874,0.834,-0.135,12.548,12.39,0.171,14.368,14.154,2.963,3.204,3.546,0.982,0.978,1.441,2.118
520,1.638,3.059,2.695,0.54,0.874,0.834,-0.127,12.546,12.388,0.179,14.372,14.158,2.963,3.204,3.546,0.982,0.978,1.431,2.102
521,1.638,3.06,2.697,0.54,0.874,0.834,-0.124,12.548,12.391,0.183,14.38,14.165,2.962,3.204,3.547,0.982,0.978,1.437,2.103
522,1.637,3.061,2.698,0.54,0.874,0.834,-0.127,12.557,12.399,0.18,14.385,14.17,2.961,3.203,3.546,0.982,0.978,1.427,2.104
523,1.637,3.061,2.698,0.54,0.874,0.834,-0.121,12.557,12.4,0.185,14.39,14.176,2.963,3.204,3.546,0.982,0.978,1.444,2.116
524,1.637,3.062,2.7,0.54,0.874,0.834,-0.127,12.561,12.404,0.179,14.393,14.178,2.964,3.204,3.547,0.982,0.978,1.434,2.1
525,1.637,3.063,2.701,0.541,0.874,0.834,-0.115,12.564,12.406,0.19,14.4,14.185,2.963,3.204,3.546,0.982,0.978,1.438,2.098
526,1.636,3.062,2.7,0.54,0.874,0.834,-0.127,12.567,12.409,0.179,14.401,14.187,2.963,3.205,3.547,0.982,0.978,1.428,2.083
527,1.636,3.062,2.7,0.54,0.874,0.834,-0.135,12.563,12.406,0.172,14.399,14.186,2.964,3.205,3.547,0.982,0.978,1.43,2.104
528,1.636,3.062,2.7,0.54,0.874,0.834,-0.126,12.565,12.407,0.18,14.402,14.188,2.965,3.205,3.546,0.982,0.978,1.421,2.088
529,1.636,3.062,2.7,0.54,0.874,0.834,-0.126,12.564,12.407,0.18,14.404,14.191,2.965,3.206,3.547,0.982,0.978,1.419,2.108
530,1.636,3.063,2.701,0.54,0.874,0.834,-0.126,12.57,12.412,0.18,14.408,14.193,2.965,3.206,3.548,0.982,0.978,1.421,2.115
531,1.636,3.063,2.701,0.54,0.874,0.834,-0.134,12.567,12.409,0.172,14.407,14.193,2.965,3.206,3.549,0.982,0.978,1.411,2.099
532,1.636,3.063,2.702,0.54,0.874,0.834,-0.126,12.565,12.407,0.18,14.409,14.195,2.966,3.206,3.549,0.982,0.978,1.401,2.084
533,1.637,3.063,2.703,0.541,0.875,0.835,-0.113,12.569,12.412,0.193,14.417,14.203,2.967,3.206,3.548,0.982,0.978,1.392,2.096
534,1.636,3.064,2.703,0.54,0.875,0.835,-0.125,12.576,12.418,0.181,14.422,14.208,2.969,3.206,3.549,0.982,0.978,1.409,2.108
535,1.636,3.064,2.704,0.54,0.875,0.835,-0.124,12.578,12.421,0.182,14.428,14.214,2.969,3.206,3.549,0.982,0.978,1.399,2.12
536,1.636,3.064,2.704,0.54,0.875,0.835,-0.126,12.581,12.423,0.18,14.434,14.22,2.969,3.206,3.549,0.982,0.978,1.389,2.125
537,1.636,3.064,2.704,0.54,0.875,0.835,-0.127,12.58,12.423,0.179,14.434,14.22,2.969,3.206,3.549,0.982,0.978,1.407,2.124
538,1.636,3.063,2.703,0.54,0.875,0.835,-0.127,12.578,12.421,0.179,14.43,14.217,2.968,3.206,3.549,0.982,0.978,1.397,2.109
539,1.636,3.062,2.704,0.54,0.875,0.835,-0.129,12.578,12.421,0.177,14.431,14.218,2.967,3.206,3.549,0.982,0.978,1.387,2.122
540,1.636,3.063,2.704,0.54,0.875,0.835,-0.126,12.581,12.425,0.18,14.436,14.222,2.966,3.206,3.549,0.982,0.978,1.392,2.136
541,1.635,3.063,2.705,0.54,0.875,0.835,-0.134,12.58,12.423,0.172,14.435,14.222,2.966,3.206,3.55,0.982,0.978,1.383,2.121
542,1.635,3.065,2.706,0.541,0.875,0.836,-0.126,12.586,12.43,0.179,14.44,14.227,2.966,3.206,3.55,0.982,0.978,1.373,2.123
543,1.635,3.065,2.708,0.541,0.876,0.836,-0.123,12.587,12.431,0.183,14.442,14.229,2.966,3.207,3.55,0.982,0.978,1.378,2.136
544,1.635,3.066,2.709,0.541,0.876,0.836,-0.126,12.583,12.428,0.18,14.441,14.229,2.967,3.206,3.549,0.982,0.978,1.43,2.213
545,1.635,3.066,2.708,0.541,0.876,0.836,-0.125,12.584,12.429,0.18,14.445,14.232,2.966,3.206,3.548,0.982,0.978,1.42,2.198
546,1.635,3.066,2.709,0.54,0.876,0.836,-0.126,12.58,12.425,0.179,14.443,14.231,2.965,3.205,3.547,0.982,0.978,1.411,2.183
547,1.634,3.066,2.709,0.54,0.876,0.836,-0.128,12.581,12.426,0.178,14.444,14.233,2.965,3.205,3.548,0.982,0.978,1.401,2.177
548,1.635,3.067,2.71,0.54,0.876,0.836,-0.126,12.583,12.427,0.18,14.446,14.233,2.964,3.206,3.548,0.982,0.978,1.392,2.162
549,1.635,3.066,2.709,0.541,0.876,0.836,-0.121,12.585,12.429,0.184,14.448,14.236,2.963,3.205,3.548,0.982,0.978,1.383,2.147
550,1.635,3.066,2.71,0.54,0.876,0.836,-0.126,12.589,12.433,0.179,14.451,14.239,2.962,3.206,3.548,0.982,0.978,1.373,2.138
551,1.634,3.066,2.709,0.54,0.876,0.836,-0.129,12.591,12.436,0.176,14.455,14.243,2.963,3.206,3.549,0.982,0.978,1.39,2.124
552,1.635,3.065,2.708,0.54,0.876,0.836,-0.125,12.589,12.433,0.18,14.453,14.24,2.964,3.206,3.548,0.982,0.978,1.397,2.126
553,1.635,3.065,2.709,0.54,0.876,0.836,-0.121,12.592,12.436,0.183,14.458,14.245,2.963,3.205,3.548,0.982,0.978,1.388,2.111
554,1.635,3.065,2.709,0.54,0.876,0.836,-0.125,12.598,12.442,0.179,14.461,14.249,2.963,3.205,3.549,0.982,0.978,1.378,2.097
555,1.634,3.065,2.709,0.54,0.876,0.836,-0.122,12.6,12.444,0.183,14.465,14.252,2.963,3.205,3.549,0.982,0.978,1.369,2.082
556,1.634,3.066,2.709,0.54,0.876,0.836,-0.125,12.602,12.446,0.18,14.465,14.252,2.963,3.205,3.548,0.982,0.978,1.36,2.068
557,1.633,3.066,2.709,0.54,0.876,0.836,-0.128,12.601,12.446,0.178,14.466,14.253,2.964,3.205,3.549,0.982,0.978,1.372,2.085
558,1.633,3.066,2.71,0.54,0.876,0.836,-0.126,12.599,12.444,0.18,14.465,14.252,2.964,3.206,3.55,0.982,0.978,1.363,2.071
559,1.633,3.063,2.708,0.54,0.875,0.835,-0.124,12.569,12.413,0.181,14.433,14.221,2.964,3.204,3.549,0.982,0.978,1.443,2.171
560,1.633,3.061,2.706,0.54,0.875,0.835,-0.125,12.553,12.398,0.18,14.415,14.203,2.964,3.205,3.549,0.982,0.978,1.513,2.256
561,1.633,3.061,2.707,0.541,0.876,0.836,-0.12,12.553,12.398,0.185,14.415,14.203,2.965,3.205,3.55,0.982,0.978,1.516,2.241
562,1.633,3.061,2.707,0.54,0.876,0.836,-0.125,12.544,12.39,0.18,14.414,14.203,2.965,3.204,3.55,0.982,0.978,1.521,2.242
563,1.633,3.061,2.707,0.54,0.876,0.836,-0.125,12.544,12.39,0.18,14.416,14.205,2.965,3.205,3.55,0.982,0.978,1.512,2.227
564,1.633,3.06,2.707,0.54,0.876,0.836,-0.125,12.538,12.383,0.18,14.416,14.206,2.966,3.204,3.55,0.982,0.978,1.502,2.213
565,1.632,3.061,2.708,0.54,0.876,0.836,-0.121,12.542,12.387,0.184,14.424,14.213,2.965,3.205,3.551,0.982,0.978,1.493,2.198
566,1.632,3.061,2.707,0.54,0.876,0.836,-0.125,12.546,12.392,0.18,14.428,14.216,2.965,3.204,3.551,0.982,0.978,1.484,2.184
567,1.632,3.062,2.707,0.54,0.876,0.836,-0.12,12.548,12.394,0.186,14.431,14.22,2.964,3.204,3.551,0.982,0.978,1.475,2.17
568,1.631,3.062,2.708,0.54,0.876,0.836,-0.125,12.547,12.392,0.18,14.427,14.216,2.964,3.204,3.551,0.982,0.978,1.465,2.155
569,1.632,3.062,2.708,0.54,0.876,0.836,-0.118,12.55,12.396,0.187,14.433,14.221,2.964,3.204,3.551,0.982,0.978,1.456,2.141
570,1.631,3.062,2.707,0.54,0.876,0.836,-0.125,12.544,12.389,0.18,14.428,14.216,2.965,3.204,3.551,0.982,0.978,1.453,2.156
571,1.632,3.062,2.708,0.54,0.876,0.836,-0.117,12.548,12.393,0.187,14.435,14.223,2.965,3.204,3.551,0.982,0.978,1.453,2.151
572,1.631,3.062,2.706,0.54,0.876,0.835,-0.125,12.546,12.39,0.18,14.435,14.222,2.965,3.204,3.551,0.982,0.978,1.473,2.181
573,1.631,3.062,2.707,0.54,0.876,0.835,-0.125,12.548,12.392,0.18,14.44,14.227,2.966,3.204,3.551,0.982,0.978,1.479,2.181
574,1.631,3.063,2.708,0.54,0.876,0.836,-0.125,12.541,12.385,0.18,14.439,14.227,2.966,3.203,3.55,0.982,0.978,1.469,2.167
575,1.631,3.062,2.708,0.54,0.876,0.836,-0.125,12.534,12.379,0.18,14.429,14.217,2.966,3.203,3.55,0.982,0.978,1.475,2.175
576,1.63,3.062,2.708,0.54,0.876,0.835,-0.125,12.521,12.366,0.18,14.419,14.207,2.965,3.202,3.549,0.982,0.978,1.466,2.161
577,1.63,3.061,2.708,0.54,0.876,0.835,-0.121,12.522,12.367,0.183,14.421,14.209,2.965,3.202,3.548,0.982,0.978,1.471,2.154
578,1.63,3.061,2.708,0.54,0.876,0.835,-0.125,12.516,12.361,0.18,14.412,14.2,2.964,3.202,3.548,0.982,0.978,1.478,2.148
579,1.629,3.06,2.707,0.54,0.876,0.835,-0.129,12.516,12.361,0.175,14.412,14.199,2.965,3.203,3.548,0.982,0.978,1.469,2.134
580,1.63,3.061,2.708,0.54,0.876,0.836,-0.124,12.505,12.35,0.18,14.403,14.191,2.966,3.203,3.548,0.982,0.978,1.497,2.145
581,1.629,3.061,2.708,0.54,0.876,0.836,-0.125,12.508,12.353,0.179,14.405,14.193,2.966,3.203,3.549,0.982,0.978,1.488,2.131
582,1.63,3.061,2.708,0.54,0.876,0.836,-0.124,12.517,12.36,0.18,14.411,14.198,2.966,3.203,3.549,0.982,0.978,1.479,2.117
583,1.629,3.062,2.708,0.54,0.876,0.836,-0.127,12.519,12.363,0.177,14.416,14.203,2.967,3.203,3.549,0.982,0.978,1.47,2.103
584,1.63,3.062,2.709,0.54,0.876,0.836,-0.125,12.519,12.363,0.179,14.419,14.206,2.968,3.204,3.549,0.982,0.978,1.461,2.089
585,1.63,3.062,2.709,0.54,0.876,0.836,-0.121,12.524,12.367,0.183,14.423,14.21,2.967,3.204,3.55,0.982,0.978,1.46,2.083
586,1.629,3.062,2.709,0.54,0.876,0.836,-0.125,12.517,12.36,0.179,14.418,14.205,2.967,3.205,3.551,0.982,0.978,1.451,2.07
587,1.63,3.062,2.709,0.54,0.876,0.836,-0.113,12.519,12.363,0.191,14.42,14.207,2.967,3.205,3.551,0.982,0.978,1.451,2.065
588,1.629,3.061,2.708,0.54,0.876,0.836,-0.125,12.511,12.355,0.179,14.409,14.197,2.968,3.205,3.551,0.982,0.978,1.491,2.076
589,1.628,3.06,2.708,0.54,0.876,0.835,-0.12,12.513,12.357,0.184,14.414,14.202,2.968,3.205,3.552,0.982,0.978,1.567,2.062
590,1.629,3.062,2.709,0.54,0.876,0.835,-0.125,12.513,12.357,0.18,14.415,14.202,2.968,3.205,3.551,0.982,0.978,1.558,2.049
591,1.628,3.062,2.709,0.54,0.876,0.835,-0.132,12.517,12.361,0.174,14.422,14.208,2.969,3.205,3.551,0.982,0.978,1.549,2.035
592,1.628,3.063,2.709,0.54,0.876,0.835,-0.126,12.514,12.358,0.18,14.431,14.217,2.97,3.205,3.551,0.982,0.978,1.54,2.022
593,1.628,3.062,2.708,0.54,0.876,0.835,-0.117,12.515,12.358,0.188,14.431,14.217,2.97,3.205,3.551,0.982,0.978,1.54,2.026
594,1.628,3.062,2.707,0.54,0.876,0.835,-0.126,12.514,12.357,0.179,14.429,14.215,2.97,3.204,3.552,0.982,0.978,1.531,2.012
595,1.628,3.062,2.708,0.54,0.876,0.835,-0.127,12.512,12.356,0.178,14.429,14.216,2.971,3.204,3.552,0.982,0.978,1.522,2.051
596,1.627,3.062,2.707,0.54,0.876,0.835,-0.127,12.511,12.355,0.179,14.426,14.213,2.971,3.204,3.551,0.982,0.978,1.523,2.077
597,1.628,3.062,2.708,0.54,0.876,0.835,-0.119,12.511,12.354,0.186,14.431,14.217,2.971,3.204,3.552,0.982,0.978,1.53,2.079
598,1.628,3.062,2.707,0.54,0.876,0.835,-0.127,12.507,12.351,0.179,14.43,14.216,2.972,3.204,3.552,0.982,0.978,1.53,2.103
599,1.628,3.062,2.707,0.54,0.876,0.835,-0.127,12.507,12.351,0.178,14.432,14.218,2.97,3.204,3.553,0.982,0.978,1.531,2.108
600,1.628,3.062,2.706,0.54,0.876,0.835,-0.127,12.512,12.355,0.178,14.437,14.223,2.969,3.205,3.553,0.982,0.978,1.522,2.095
601,1.628,3.062,2.706,0.54,0.876,0.835,-0.127,12.511,12.355,0.178,14.436,14.222,2.969,3.205,3.552,0.982,0.978,1.513,2.137
602,1.628,3.061,2.706,0.54,0.876,0.835,-0.127,12.505,12.349,0.179,14.431,14.218,2.969,3.204,3.55,0.982,0.978,1.505,2.124
603,1.628,3.062,2.706,0.54,0.876,0.835,-0.125,12.51,12.354,0.181,14.437,14.223,2.968,3.204,3.551,0.982,0.978,1.5,2.115
604,1.628,3.062,2.706,0.54,0.876,0.835,-0.126,12.515,12.359,0.179,14.439,14.225,2.966,3.204,3.551,0.982,0.978,1.496,2.106
605,1.628,3.059,2.704,0.539,0.876,0.835,-0.131,12.494,12.338,0.174,14.413,14.2,2.967,3.204,3.551,0.982,0.978,1.543,2.153
606,1.628,3.057,2.702,0.54,0.875,0.834,-0.126,12.479,12.323,0.179,14.396,14.183,2.967,3.204,3.551,0.982,0.978,1.596,2.188
607,1.629,3.058,2.702,0.54,0.876,0.834,-0.113,12.483,12.327,0.192,14.399,14.185,2.967,3.204,3.55,0.982,0.978,1.623,2.211
608,1.628,3.058,2.702,0.54,0.875,0.834,-0.126,12.48,12.324,0.179,14.404,14.191,2.966,3.203,3.55,0.982,0.978,1.642,2.417
609,1.628,3.057,2.701,0.539,0.875,0.834,-0.138,12.479,12.323,0.167,14.401,14.188,2.965,3.203,3.55,0.982,0.978,1.641,2.436
610,1.629,3.056,2.7,0.54,0.875,0.834,-0.126,12.475,12.32,0.179,14.396,14.183,2.965,3.203,3.55,0.982,0.978,1.633,2.429
611,1.629,3.056,2.699,0.54,0.875,0.834,-0.129,12.467,12.312,0.176,14.386,14.173,2.965,3.203,3.55,0.982,0.978,1.624,2.423
612,1.629,3.054,2.698,0.539,0.875,0.834,-0.126,12.456,12.301,0.179,14.371,14.159,2.965,3.203,3.55,0.982,0.978,1.615,2.419
613,1.629,3.054,2.698,0.539,0.875,0.834,-0.128,12.459,12.303,0.177,14.375,14.162,2.964,3.203,3.55,0.982,0.978,1.606,2.414
614,1.629,3.054,2.698,0.539,0.875,0.833,-0.126,12.454,12.299,0.178,14.376,14.163,2.963,3.203,3.551,0.982,0.978,1.625,2.428
615,1.629,3.055,2.698,0.539,0.875,0.834,-0.128,12.458,12.303,0.177,14.381,14.168,2.964,3.203,3.551,0.982,0.978,1.616,2.414
616,1.629,3.055,2.699,0.539,0.875,0.833,-0.126,12.46,12.305,0.178,14.384,14.171,2.965,3.203,3.551,0.982,0.978,1.607,2.401
617,1.629,3.056,2.699,0.539,0.875,0.834,-0.131,12.464,12.309,0.173,14.387,14.175,2.965,3.203,3.551,0.982,0.978,1.598,2.387
618,1.629,3.056,2.699,0.539,0.875,0.833,-0.126,12.462,12.307,0.178,14.384,14.172,2.966,3.203,3.552,0.982,0.978,1.59,2.374
619,1.63,3.057,2.699,0.539,0.875,0.834,-0.127,12.465,12.311,0.178,14.389,14.176,2.967,3.203,3.552,0.982,0.978,1.581,2.36
620,1.63,3.056,2.699,0.539,0.875,0.834,-0.126,12.46,12.306,0.178,14.39,14.178,2.967,3.203,3.551,0.982,0.978,1.573,2.347
621,1.63,3.056,2.699,0.539,0.875,0.833,-0.121,12.458,12.304,0.183,14.387,14.175,2.968,3.203,3.551,0.982,0.978,1.564,2.333
622,1.63,3.056,2.699,0.539,0.875,0.833,-0.125,12.455,12.301,0.179,14.386,14.175,2.968,3.203,3.552,0.982,0.978,1.565,2.33
623,1.63,3.056,2.699,0.539,0.875,0.833,-0.123,12.455,12.301,0.181,14.386,14.175,2.968,3.204,3.553,0.982,0.978,1.556,2.339
624,1.63,3.056,2.698,0.539,0.875,0.833,-0.125,12.452,12.298,0.179,14.387,14.176,2.967,3.204,3.553,0.982,0.978,1.548,2.335
625,1.63,3.056,2.699,0.54,0.875,0.833,-0.116,12.456,12.303,0.188,14.392,14.18,2.967,3.204,3.553,0.982,0.978,1.539,2.322
626,1.629,3.057,2.7,0.539,0.875,0.833,-0.125,12.454,12.298,0.179,14.392,14.176,2.966,3.204,3.553,0.982,0.978,1.551,2.329
627,1.629,3.057,2.7,0.539,0.875,0.833,-0.133,12.456,12.3,0.171,14.395,14.178,2.966,3.203,3.553,0.982,0.978,1.551,2.334
628,1.629,3.058,2.7,0.539,0.875,0.833,-0.126,12.454,12.298,0.178,14.398,14.182,2.966,3.203,3.552,0.982,0.978,1.543,2.32
629,1.629,3.057,2.701,0.539,0.875,0.833,-0.128,12.457,12.301,0.175,14.401,14.185,2.966,3.203,3.553,0.982,0.978,1.535,2.307
630,1.629,3.058,2.7,0.539,0.875,0.833,-0.125,12.456,12.3,0.178,14.406,14.19,2.967,3.203,3.553,0.982,0.978,1.535,2.329
631,1.629,3.057,2.701,0.539,0.875,0.833,-0.129,12.458,12.302,0.174,14.407,14.191,2.965,3.203,3.553,0.982,0.978,1.562,2.316
632,1.629,3.057,2.701,0.539,0.875,0.833,-0.125,12.454,12.297,0.178,14.405,14.189,2.964,3.202,3.551,0.982,0.978,1.553,2.303
633,1.628,3.058,2.701,0.539,0.875,0.833,-0.126,12.446,12.29,0.177,14.399,14.183,2.964,3.203,3.551,0.982,0.978,1.545,2.29
634,1.629,3.058,2.701,0.539,0.875,0.833,-0.125,12.443,12.287,0.178,14.403,14.188,2.964,3.202,3.551,0.982,0.978,1.537,2.277
635,1.629,3.058,2.701,0.539,0.875,0.833,-0.126,12.445,12.289,0.177,14.406,14.19,2.964,3.203,3.551,0.982,0.978,1.528,2.264
636,1.629,3.058,2.7,0.539,0.875,0.833,-0.125,12.441,12.286,0.177,14.404,14.188,2.964,3.203,3.552,0.982,0.978,1.52,2.251
637,1.629,3.059,2.701,0.539,0.875,0.833,-0.123,12.442,12.287,0.18,14.408,14.193,2.964,3.203,3.551,0.982,0.978,1.512,2.239
638,1.628,3.06,2.702,0.539,0.875,0.833,-0.127,12.443,12.288,0.177,14.411,14.196,2.963,3.203,3.552,0.982,0.978,1.53,2.226
639,1.628,3.06,2.701,0.539,0.875,0.833,-0.134,12.442,12.287,0.171,14.411,14.195,2.963,3.202,3.552,0.982,0.978,1.521,2.213
640,1.629,3.059,2.7,0.539,0.875,0.833,-0.126,12.441,12.286,0.178,14.411,14.195,2.963,3.202,3.552,0.982,0.978,1.533,2.22
641,1.629,3.059,2.7,0.539,0.875,0.833,-0.131,12.441,12.285,0.173,14.41,14.195,2.963,3.203,3.552,0.982,0.978,1.532,2.215
642,1.629,3.059,2.701,0.539,0.875,0.833,-0.126,12.447,12.291,0.178,14.413,14.198,2.962,3.202,3.551,0.982,0.978,1.524,2.202
643,1.629,3.06,2.701,0.539,0.875,0.833,-0.127,12.45,12.294,0.177,14.417,14.201,2.962,3.202,3.551,0.982,0.978,1.516,2.203
644,1.629,3.06,2.701,0.539,0.875,0.833,-0.126,12.446,12.291,0.178,14.414,14.198,2.961,3.202,3.55,0.982,0.978,1.508,2.19
645,1.629,3.06,2.701,0.539,0.875,0.833,-0.132,12.447,12.292,0.172,14.417,14.201,2.962,3.203,3.551,0.982,0.978,1.499,2.177
646,1.629,3.06,2.702,0.539,0.875,0.833,-0.126,12.448,12.293,0.177,14.419,14.203,2.963,3.203,3.551,0.982,0.978,1.491,2.174
647,1.63,3.061,2.703,0.539,0.875,0.833,-0.113,12.452,12.296,0.191,14.426,14.209,2.963,3.203,3.551,0.982,0.978,1.483,2.161
648,1.629,3.061,2.702,0.539,0.875,0.833,-0.126,12.452,12.296,0.178,14.425,14.207,2.963,3.203,3.551,0.982,0.978,1.491,2.18
649,1.629,3.061,2.703,0.539,0.875,0.833,-0.128,12.452,12.296,0.176,14.426,14.208,2.964,3.204,3.552,0.982,0.978,1.483,2.167
650,1.629,3.061,2.703,0.539,0.875,0.833,-0.127,12.453,12.298,0.177,14.426,14.208,2.964,3.204,3.551,0.982,0.978,1.474,2.167
651,1.63,3.061,2.703,0.539,0.875,0.833,-0.12,12.453,12.297,0.184,14.426,14.209,2.964,3.204,3.551,0.982,0.978,1.466,2.154
652,1.629,3.061,2.703,0.539,0.875,0.833,-0.127,12.448,12.293,0.177,14.428,14.211,2.965,3.203,3.551,0.982,0.978,1.478,2.161
653,1.629,3.059,2.701,0.539,0.875,0.833,-0.12,12.439,12.284,0.183,14.416,14.2,2.965,3.203,3.551,0.982,0.978,1.5,2.179
654,1.629,3.059,2.702,0.539,0.875,0.833,-0.127,12.437,12.282,0.177,14.414,14.197,2.965,3.203,3.551,0.982,0.978,1.576,2.222
655,1.63,3.059,2.702,0.539,0.875,0.833,-0.125,12.439,12.285,0.179,14.418,14.202,2.965,3.204,3.551,0.982,0.978,1.567,2.223
656,1.63,3.058,2.7,0.539,0.875,0.833,-0.127,12.427,12.272,0.177,14.407,14.191,2.964,3.203,3.551,0.982,0.978,1.636,2.256
657,1.629,3.057,2.7,0.539,0.875,0.833,-0.122,12.424,12.27,0.182,14.407,14.191,2.964,3.203,3.552,0.982,0.978,1.627,2.244
658,1.629,3.057,2.7,0.539,0.875,0.833,-0.126,12.42,12.265,0.177,14.403,14.187,2.964,3.203,3.551,0.982,0.978,1.628,2.24
659,1.629,3.057,2.7,0.539,0.875,0.833,-0.129,12.42,12.266,0.174,14.406,14.191,2.963,3.204,3.552,0.982,0.978,1.62,2.227
660,1.629,3.058,2.701,0.539,0.875,0.833,-0.127,12.424,12.27,0.177,14.41,14.195,2.962,3.204,3.552,0.982,0.978,1.611,2.215
661,1.629,3.059,2.702,0.539,0.875,0.833,-0.125,12.424,12.27,0.178,14.416,14.2,2.962,3.204,3.552,0.982,0.978,1.603,2.202
662,1.629,3.059,2.703,0.539,0.875,0.834,-0.127,12.43,12.276,0.177,14.42,14.205,2.961,3.204,3.552,0.982,0.978,1.595,2.212
663,1.629,3.06,2.704,0.539,0.875,0.834,-0.124,12.431,12.278,0.18,14.424,14.209,2.962,3.204,3.552,0.982,0.978,1.587,2.199
664,1.628,3.06,2.704,0.539,0.875,0.834,-0.127,12.43,12.276,0.176,14.424,14.209,2.963,3.204,3.553,0.982,0.978,1.579,2.187
665,1.628,3.06,2.704,0.539,0.875,0.834,-0.126,12.428,12.275,0.178,14.425,14.21,2.962,3.205,3.553,0.982,0.978,1.571,2.183
666,1.628,3.06,2.703,0.539,0.875,0.834,-0.127,12.427,12.273,0.176,14.423,14.208,2.961,3.204,3.552,0.982,0.978,1.563,2.171
667,1.628,3.06,2.703,0.539,0.875,0.834,-0.129,12.427,12.273,0.174,14.424,14.209,2.96,3.204,3.553,0.982,0.978,1.555,2.159
668,1.628,3.06,2.703,0.539,0.875,0.834,-0.127,12.43,12.276,0.176,14.425,14.21,2.959,3.204,3.553,0.982,0.978,1.547,2.146
669,1.628,3.06,2.703,0.539,0.875,0.834,-0.122,12.43,12.277,0.181,14.425,14.21,2.959,3.204,3.552,0.982,0.978,1.566,2.162
670,1.628,3.06,2.704,0.539,0.876,0.834,-0.127,12.431,12.277,0.176,14.424,14.209,2.958,3.204,3.551,0.982,0.978,1.596,2.149
671,1.627,3.061,2.705,0.539,0.876,0.834,-0.12,12.433,12.28,0.183,14.431,14.216,2.959,3.204,3.551,0.982,0.978,1.588,2.137
672,1.627,3.061,2.705,0.538,0.876,0.834,-0.127,12.437,12.283,0.176,14.433,14.217,2.959,3.204,3.551,0.982,0.978,1.58,2.125
673,1.627,3.061,2.705,0.539,0.876,0.834,-0.118,12.439,12.285,0.185,14.437,14.221,2.959,3.204,3.55,0.982,0.978,1.572,2.113
674,1.627,3.06,2.704,0.538,0.875,0.834,-0.128,12.433,12.279,0.176,14.431,14.216,2.96,3.204,3.55,0.982,0.978,1.579,2.131
675,1.626,3.06,2.704,0.538,0.875,0.834,-0.132,12.435,12.281,0.171,14.436,14.22,2.959,3.204,3.55,0.982,0.978,1.582,2.131
676,1.627,3.061,2.705,0.538,0.875,0.834,-0.128,12.435,12.281,0.175,14.437,14.221,2.958,3.204,3.549,0.982,0.978,1.575,2.126
677,1.627,3.061,2.705,0.538,0.875,0.834,-0.129,12.435,12.281,0.175,14.441,14.225,2.959,3.204,3.549,0.982,0.978,1.567,2.114
678,1.627,3.061,2.705,0.538,0.875,0.834,-0.128,12.434,12.28,0.175,14.442,14.226,2.959,3.204,3.55,0.982,0.978,1.559,2.102
679,1.627,3.061,2.704,0.538,0.875,0.834,-0.133,12.432,12.279,0.171,14.442,14.226,2.959,3.205,3.55,0.982,0.978,1.551,2.099
680,1.627,3.061,2.704,0.538,0.875,0.834,-0.128,12.432,12.278,0.175,14.438,14.223,2.959,3.204,3.55,0.982,0.978,1.543,2.088
681,1.627,3.059,2.702,0.538,0.875,0.834,-0.128,12.425,12.272,0.175,14.432,14.216,2.959,3.205,3.551,0.982,0.978,1.546,2.097
682,1.627,3.058,2.701,0.538,0.875,0.833,-0.128,12.422,12.268,0.175,14.426,14.21,2.959,3.205,3.551,0.982,0.978,1.587,2.134
683,1.627,3.058,2.701,0.538,0.875,0.833,-0.131,12.423,12.269,0.172,14.428,14.212,2.959,3.205,3.552,0.982,0.978,1.579,2.122
684,1.627,3.057,2.7,0.538,0.875,0.833,-0.128,12.418,12.264,0.175,14.426,14.21,2.959,3.205,3.553,0.982,0.978,1.571,2.124
685,1.627,3.058,2.701,0.538,0.875,0.833,-0.125,12.419,12.266,0.178,14.428,14.212,2.959,3.206,3.552,0.982,0.978,1.564,2.112
686,1.627,3.058,2.702,0.538,0.875,0.833,-0.128,12.421,12.268,0.175,14.43,14.214,2.959,3.205,3.551,0.982,0.978,1.568,2.113
687,1.627,3.059,2.702,0.538,0.875,0.833,-0.126,12.423,12.27,0.177,14.434,14.218,2.959,3.206,3.552,0.982,0.978,1.56,2.11
688,1.627,3.059,2.702,0.538,0.875,0.833,-0.128,12.416,12.262,0.174,14.428,14.212,2.958,3.205,3.551,0.982,0.978,1.553,2.098
689,1.627,3.059,2.701,0.538,0.875,0.833,-0.127,12.414,12.261,0.175,14.432,14.216,2.959,3.205,3.551,0.982,0.978,1.545,2.107
690,1.626,3.06,2.702,0.538,0.875,0.833,-0.128,12.416,12.263,0.175,14.438,14.222,2.959,3.205,3.551,0.982,0.978,1.537,2.095
691,1.626,3.059,2.702,0.538,0.875,0.833,-0.124,12.416,12.263,0.178,14.441,14.226,2.959,3.205,3.551,0.982,0.978,1.53,2.092
692,1.626,3.06,2.703,0.538,0.875,0.833,-0.128,12.416,12.263,0.175,14.443,14.227,2.959,3.205,3.551,0.982,0.978,1.522,2.081
693,1.626,3.06,2.702,0.538,0.875,0.833,-0.131,12.416,12.263,0.171,14.444,14.228,2.959,3.206,3.551,0.982,0.978,1.524,2.079
694,1.627,3.06,2.703,0.538,0.875,0.833,-0.128,12.414,12.261,0.175,14.44,14.224,2.959,3.205,3.551,0.982,0.978,1.516,2.067
695,1.627,3.06,2.702,0.538,0.875,0.833,-0.123,12.417,12.263,0.179,14.445,14.229,2.959,3.206,3.552,0.982,0.978,1.509,2.056
696,1.626,3.06,2.701,0.538,0.875,0.833,-0.128,12.413,12.255,0.174,14.443,14.219,2.958,3.206,3.552,0.982,0.978,1.524,2.082
697,1.626,3.059,2.701,0.538,0.875,0.833,-0.126,12.413,12.255,0.177,14.446,14.222,2.957,3.206,3.553,0.982,0.978,1.516,2.071
698,1.627,3.06,2.7,0.538,0.875,0.833,-0.128,12.413,12.255,0.174,14.444,14.22,2.957,3.207,3.553,0.982,0.978,1.509,2.068
699,1.626,3.06,2.7,0.537,0.875,0.833,-0.129,12.414,12.255,0.173,14.445,14.222,2.957,3.207,3.553,0.982,0.978,1.501,2.07
700,1.627,3.06,2.701,0.538,0.875,0.833,-0.128,12.419,12.261,0.174,14.448,14.224,2.957,3.207,3.553,0.982,0.978,1.494,2.058
701,1.627,3.06,2.701,0.538,0.875,0.833,-0.131,12.42,12.262,0.171,14.452,14.229,2.958,3.207,3.554,0.982,0.978,1.486,2.047
702,1.627,3.06,2.702,0.538,0.875,0.833,-0.128,12.421,12.263,0.174,14.454,14.231,2.958,3.207,3.554,0.982,0.978,1.479,2.048
703,1.626,3.06,2.701,0.538,0.875,0.833,-0.126,12.422,12.265,0.176,14.458,14.235,2.958,3.208,3.554,0.982,0.978,1.484,2.05
704,1.627,3.06,2.702,0.537,0.875,0.833,-0.128,12.419,12.261,0.175,14.457,14.233,2.958,3.207,3.553,0.982,0.978,1.477,2.039
705,1.626,3.06,2.701,0.537,0.875,0.833,-0.133,12.418,12.259,0.17,14.458,14.233,2.958,3.207,3.554,0.982,0.978,1.481,2.051
706,1.627,3.06,2.701,0.537,0.875,0.833,-0.128,12.413,12.255,0.174,14.456,14.232,2.958,3.207,3.554,0.982,0.978,1.474,2.04
707,1.627,3.06,2.701,0.538,0.875,0.833,-0.13,12.415,12.257,0.172,14.46,14.235,2.958,3.207,3.554,0.982,0.978,1.472,2.034
708,1.627,3.06,2.701,0.538,0.875,0.833,-0.128,12.406,12.249,0.174,14.455,14.231,2.958,3.207,3.554,0.982,0.978,1.465,2.023
709,1.627,3.059,2.701,0.538,0.875,0.833,-0.127,12.407,12.249,0.175,14.459,14.236,2.958,3.208,3.554,0.982,0.978,1.458,2.012
710,1.627,3.06,2.702,0.538,0.875,0.833,-0.128,12.407,12.248,0.174,14.463,14.237,2.957,3.207,3.553,0.982,0.978,1.45,2.001
711,1.626,3.06,2.701,0.537,0.875,0.833,-0.134,12.407,12.248,0.168,14.464,14.239,2.956,3.207,3.553,0.982,0.978,1.443,1.99
712,1.627,3.06,2.702,0.537,0.876,0.833,-0.128,12.409,12.25,0.174,14.466,14.241,2.955,3.207,3.553,0.982,0.978,1.436,1.978
713,1.627,3.06,2.702,0.538,0.876,0.833,-0.123,12.409,12.25,0.179,14.467,14.241,2.955,3.207,3.553,0.982,0.978,1.437,1.976
714,1.626,3.06,2.702,0.537,0.876,0.833,-0.128,12.407,12.249,0.174,14.471,14.246,2.955,3.207,3.552,0.982,0.978,1.43,1.965
715,1.627,3.06,2.702,0.537,0.876,0.833,-0.132,12.41,12.252,0.17,14.476,14.251,2.954,3.207,3.553,0.982,0.978,1.423,1.954
716,1.627,3.06,2.702,0.537,0.876,0.833,-0.128,12.406,12.248,0.174,14.475,14.25,2.953,3.207,3.552,0.982,0.978,1.415,1.943
717,1.627,3.06,2.702,0.537,0.876,0.833,-0.13,12.406,12.248,0.171,14.476,14.251,2.954,3.207,3.553,0.982,0.978,1.408,1.932
718,1.628,3.061,2.703,0.538,0.876,0.833,-0.128,12.406,12.248,0.174,14.474,14.249,2.955,3.207,3.553,0.982,0.978,1.401,1.921
719,1.628,3.061,2.703,0.538,0.876,0.833,-0.12,12.409,12.251,0.182,14.478,14.252,2.955,3.208,3.553,0.982,0.978,1.394,1.91
720,1.628,3.061,2.703,0.538,0.876,0.833,-0.127,12.408,12.25,0.175,14.478,14.252,2.955,3.207,3.553,0.982,0.978,1.387,1.899
721,1.628,3.062,2.703,0.538,0.876,0.833,-0.122,12.411,12.253,0.179,14.482,14.256,2.955,3.208,3.553,0.982,0.978,1.38,1.888
722,1.628,3.061,2.703,0.538,0.876,0.833,-0.128,12.409,12.251,0.174,14.482,14.257,2.954,3.208,3.553,0.982,0.978,1.373,1.893
723,1.627,3.061,2.703,0.538,0.876,0.833,-0.133,12.409,12.251,0.169,14.485,14.259,2.954,3.208,3.553,0.982,0.978,1.381,1.897
724,1.628,3.061,2.703,0.538,0.876,0.833,-0.127,12.41,12.252,0.175,14.484,14.259,2.953,3.207,3.552,0.982,0.978,1.374,1.887
725,1.628,3.062,2.703,0.538,0.876,0.833,-0.127,12.411,12.253,0.175,14.487,14.262,2.953,3.207,3.553,0.982,0.978,1.367,1.876
726,1.628,3.062,2.703,0.538,0.876,0.833,-0.128,12.413,12.256,0.174,14.489,14.264,2.953,3.207,3.552,0.982,0.978,1.36,1.88
727,1.628,3.063,2.703,0.538,0.876,0.833,-0.126,12.417,12.26,0.176,14.496,14.27,2.952,3.207,3.551,0.982,0.978,1.353,1.869
728,1.627,3.062,2.702,0.538,0.876,0.833,-0.128,12.414,12.257,0.174,14.499,14.274,2.952,3.207,3.552,0.982,0.978,1.346,1.858
729,1.627,3.062,2.703,0.538,0.876,0.833,-0.128,12.414,12.257,0.174,14.501,14.276,2.952,3.207,3.552,0.982,0.978,1.339,1.847
730,1.628,3.063,2.704,0.538,0.876,0.834,-0.128,12.417,12.26,0.173,14.502,14.277,2.952,3.207,3.552,0.982,0.978,1.332,1.837
731,1.628,3.064,2.704,0.538,0.876,0.834,-0.114,12.416,12.259,0.187,14.503,14.278,2.953,3.207,3.552,0.982,0.978,1.325,1.826
732,1.627,3.063,2.704,0.538,0.876,0.834,-0.128,12.418,12.261,0.174,14.503,14.278,2.953,3.207,3.552,0.982,0.978,1.337,1.835
733,1.627,3.063,2.704,0.538,0.876,0.834,-0.123,12.419,12.262,0.178,14.507,14.282,2.954,3.207,3.552,0.982,0.978,1.33,1.825
734,1.627,3.063,2.705,0.538,0.876,0.834,-0.127,12.424,12.267,0.174,14.51,14.285,2.955,3.207,3.552,0.982,0.978,1.323,1.835
735,1.627,3.064,2.704,0.538,0.876,0.834,-0.124,12.427,12.27,0.178,14.515,14.289,2.954,3.207,3.553,0.982,0.978,1.317,1.847
736,1.627,3.065,2.704,0.538,0.876,0.834,-0.127,12.427,12.269,0.175,14.516,14.29,2.954,3.208,3.553,0.982,0.978,1.31,1.836
737,1.627,3.065,2.704,0.538,0.877,0.834,-0.119,12.427,12.269,0.183,14.515,14.289,2.954,3.208,3.553,0.982,0.978,1.303,1.858
738,1.627,3.065,2.704,0.538,0.877,0.834,-0.127,12.428,12.27,0.175,14.518,14.291,2.954,3.208,3.553,0.982,0.978,1.296,1.847
739,1.626,3.065,2.703,0.538,0.877,0.834,-0.127,12.432,12.275,0.175,14.523,14.297,2.954,3.208,3.553,0.982,0.978,1.289,1.837
740,1.626,3.066,2.704,0.538,0.877,0.834,-0.127,12.436,12.278,0.175,14.525,14.298,2.953,3.208,3.553,0.982,0.978,1.282,1.826
741,1.626,3.066,2.704,0.538,0.877,0.834,-0.132,12.435,12.277,0.17,14.524,14.298,2.953,3.208,3.553,0.982,0.978,1.275,1.816
742,1.626,3.065,2.703,0.537,0.877,0.834,-0.127,12.433,12.275,0.175,14.525,14.298,2.953,3.208,3.553,0.982,0.978,1.278,1.814
743,1.626,3.065,2.703,0.537,0.877,0.834,-0.122,12.435,12.277,0.18,14.529,14.302,2.953,3.209,3.554,0.982,0.978,1.271,1.815
744,1.626,3.066,2.702,0.537,0.877,0.834,-0.127,12.437,12.279,0.175,14.53,14.302,2.952,3.209,3.553,0.982,0.978,1.264,1.82
745,1.625,3.066,2.702,0.537,0.877,0.834,-0.134,12.437,12.279,0.169,14.528,14.3,2.951,3.209,3.553,0.982,0.978,1.257,1.809
746,1.625,3.066,2.702,0.537,0.877,0.834,-0.128,12.432,12.273,0.175,14.528,14.3,2.951,3.209,3.553,0.982,0.978,1.251,1.799
747,1.626,3.066,2.701,0.537,0.877,0.834,-0.128,12.433,12.274,0.174,14.527,14.299,2.95,3.208,3.553,0.982,0.978,1.244,1.795
748,1.626,3.066,2.701,0.537,0.877,0.834,-0.128,12.43,12.27,0.174,14.526,14.298,2.95,3.208,3.553,0.982,0.978,1.237,1.793
749,1.626,3.067,2.701,0.537,0.877,0.834,-0.132,12.432,12.272,0.17,14.527,14.298,2.95,3.208,3.553,0.982,0.978,1.231,1.797
750,1.626,3.067,2.701,0.537,0.877,0.834,-0.128,12.435,12.275,0.174,14.533,14.304,2.95,3.209,3.553,0.982,0.978,1.224,1.787
751,1.625,3.068,2.701,0.537,0.877,0.834,-0.137,12.433,12.273,0.165,14.528,14.299,2.949,3.208,3.552,0.982,0.978,1.217,1.777
752,1.626,3.067,2.7,0.537,0.877,0.834,-0.128,12.423,12.264,0.174,14.524,14.295,2.949,3.208,3.553,0.982,0.978,1.211,1.766
753,1.626,3.066,2.7,0.537,0.877,0.834,-0.124,12.421,12.261,0.178,14.519,14.29,2.948,3.207,3.551,0.982,0.978,1.266,1.766
754,1.625,3.066,2.7,0.537,0.877,0.834,-0.128,12.413,12.253,0.175,14.509,14.281,2.947,3.207,3.551,0.982,0.978,1.292,1.756
755,1.625,3.066,2.699,0.537,0.877,0.834,-0.131,12.416,12.255,0.172,14.51,14.28,2.946,3.207,3.551,0.982,0.978,1.285,1.746
756,1.625,3.066,2.699,0.537,0.877,0.834,-0.128,12.42,12.26,0.175,14.511,14.282,2.945,3.206,3.55,0.982,0.978,1.301,1.747
757,1.625,3.066,2.7,0.537,0.877,0.834,-0.13,12.419,12.259,0.172,14.509,14.279,2.944,3.206,3.549,0.982,0.978,1.308,1.75
758,1.624,3.065,2.699,0.537,0.877,0.834,-0.128,12.418,12.257,0.174,14.506,14.277,2.943,3.206,3.55,0.982,0.978,1.324,1.763
759,1.624,3.066,2.698,0.537,0.877,0.834,-0.13,12.422,12.26,0.173,14.51,14.278,2.943,3.206,3.55,0.982,0.978,1.317,1.753
760,1.624,3.066,2.698,0.537,0.877,0.834,-0.128,12.423,12.261,0.174,14.513,14.281,2.943,3.206,3.55,0.982,0.978,1.311,1.753
761,1.624,3.066,2.698,0.537,0.877,0.834,-0.136,12.426,12.264,0.166,14.513,14.281,2.943,3.205,3.549,0.982,0.978,1.304,1.743
762,1.624,3.066,2.698,0.538,0.877,0.834,-0.128,12.423,12.26,0.174,14.517,14.285,2.943,3.205,3.549,0.982,0.978,1.297,1.766
763,1.624,3.066,2.697,0.537,0.877,0.833,-0.126,12.425,12.263,0.176,14.518,14.286,2.943,3.204,3.548,0.982,0.978,1.33,1.756
764,1.624,3.067,2.697,0.538,0.877,0.834,-0.128,12.431,12.269,0.173,14.522,14.29,2.943,3.204,3.548,0.982,0.978,1.323,1.745
765,1.624,3.067,2.697,0.537,0.877,0.833,-0.135,12.432,12.269,0.167,14.52,14.288,2.942,3.204,3.548,0.982,0.978,1.317,1.735
766,1.624,3.067,2.697,0.538,0.877,0.834,-0.128,12.427,12.265,0.174,14.521,14.289,2.94,3.204,3.548,0.982,0.978,1.31,1.725
767,1.624,3.067,2.697,0.537,0.877,0.834,-0.132,12.431,12.268,0.17,14.523,14.29,2.94,3.204,3.548,0.982,0.978,1.304,1.723
768,1.623,3.067,2.697,0.537,0.877,0.834,-0.128,12.433,12.27,0.174,14.527,14.294,2.939,3.204,3.548,0.982,0.978,1.297,1.713
769,1.623,3.067,2.697,0.537,0.877,0.834,-0.133,12.438,12.275,0.169,14.53,14.296,2.939,3.203,3.547,0.982,0.978,1.29,1.703
770,1.623,3.068,2.697,0.537,0.877,0.834,-0.128,12.448,12.284,0.174,14.537,14.304,2.939,3.202,3.546,0.982,0.978,1.284,1.693
771,1.623,3.069,2.698,0.538,0.877,0.834,-0.129,12.451,12.287,0.173,14.538,14.305,2.939,3.202,3.546,0.982,0.978,1.287,1.693
772,1.622,3.068,2.698,0.538,0.877,0.834,-0.128,12.454,12.29,0.174,14.541,14.308,2.94,3.202,3.547,0.982,0.978,1.28,1.683
773,1.622,3.068,2.698,0.538,0.877,0.834,-0.13,12.457,12.294,0.173,14.542,14.309,2.94,3.202,3.547,0.982,0.978,1.283,1.682
774,1.622,3.069,2.699,0.538,0.877,0.834,-0.128,12.461,12.299,0.174,14.544,14.312,2.94,3.202,3.547,0.982,0.978,1.276,1.672
775,1.622,3.068,2.699,0.538,0.877,0.834,-0.141,12.459,12.296,0.162,14.541,14.309,2.94,3.202,3.548,0.982,0.978,1.279,1.672
776,1.622,3.068,2.699,0.538,0.877,0.834,-0.128,12.463,12.3,0.175,14.544,14.312,2.94,3.202,3.547,0.982,0.978,1.273,1.662
777,1.622,3.069,2.7,0.538,0.877,0.834,-0.132,12.463,12.3,0.17,14.542,14.31,2.94,3.201,3.547,0.982,0.978,1.266,1.652
778,1.622,3.069,2.7,0.538,0.877,0.834,-0.128,12.462,12.3,0.174,14.543,14.312,2.941,3.201,3.546,0.982,0.978,1.967,2.414
779,1.622,3.068,2.7,0.538,0.877,0.834,-0.124,12.456,12.294,0.179,14.534,14.303,2.94,3.201,3.546,0.982,0.978,1.959,2.403
780,1.622,3.067,2.698,0.538,0.877,0.834,-0.128,12.444,12.282,0.174,14.524,14.294,2.939,3.2,3.546,0.982,0.978,1.979,2.42
781,1.622,3.067,2.698,0.538,0.877,0.834,-0.124,12.446,12.283,0.178,14.525,14.293,2.939,3.2,3.546,0.982,0.978,1.972,2.427
782,1.622,3.067,2.698,0.538,0.877,0.834,-0.128,12.45,12.287,0.175,14.527,14.295,2.939,3.201,3.546,0.982,0.978,1.979,2.445
